ID,OC,ra,dec,g_mag,g_mag_err,Teff,Teff_err,ref,cal_lum,cal_lum_err,mem_prob
598901754562312448,M67,132.5375323317,11.55722179282,14.061209,0.00021548557042891912,6069.0,43.0,A,1.4266285607464149,0.036590463957658484,0.998
598901788922041728,M67,132.632665411,11.50209389643,15.399152,0.00038832626834942486,5146.0,67.0,A,0.4528561048920186,0.014023554824072556,0.999
598907836235995008,M67,132.53993764695,11.64497594829,14.344937,0.000232089891275423,5846.0,44.0,A,1.10905376620484,0.027640796622009044,0.999
598955149595631872,M67,132.50346598547,11.70271873728,14.034753,0.00019661216252076817,5981.0,49.0,A,1.466483329578799,0.03703593935560883,1.0
598959822520052480,M67,132.3947971816,11.78807410441,14.202843,0.00021890918330594924,5945.0,44.0,A,1.2580446358756023,0.031599477478430636,0.999
604698306849407232,M67,133.07879246821994,11.39710540914,14.932117000000002,0.00028891842569844144,5525.0,49.0,A,0.6614585053970929,0.017105534066644196,0.902
604698345504195456,M67,133.05663692913998,11.393363932480002,14.440917,0.00022809543253933087,5805.0,29.0,A,1.0175701513530535,0.025264348226812842,0.62
604711299125433472,M67,133.18112065004,11.610505947939998,15.037209,0.0003183863705515592,5487.0,47.0,A,0.6027599179817482,0.015721241039826143,1.0
604893165221336064,M67,132.95795444105,11.555135041300002,12.581479,0.00018317929750309887,6250.0,200.0,B,5.54884915966732,0.15098831999550508,1.0
604895364244625920,M67,132.78867529675,11.55916031859,14.639697,0.00025907840074694934,5701.0,34.0,A,0.8530927174784999,0.021278538910413963,0.999
604896051439390848,M67,132.77967337311,11.59684019425,14.00477,0.00020547029025337794,6066.0,40.0,A,1.5028951026598951,0.038513838756437525,0.936
604897631987337600,M67,132.85501178119,11.63782005216,15.026713,0.0002757148435566769,5441.0,48.0,A,0.6116759201390698,0.016184196327740586,1.0
604897838145767168,M67,132.84657483351,11.65412295844,14.752693,0.00027898005113853244,5635.0,26.0,A,0.7726630760221944,0.019362196682272848,1.0
604900449485821568,M67,133.04743448238995,11.67556751903,14.086739,0.0002022189399807759,5971.0,38.0,A,1.3984899323227125,0.03522368495843935,0.999
604901957018617728,M67,133.12610476357,11.714007189830001,13.989510999999998,0.00023709244101878315,5904.0,22.0,A,1.5340597528799975,0.03826790915968239,1.0
604903468852379904,M67,133.01477812996,11.68996263133,12.58581,0.0001781689643901473,5904.69482421875,91.46673583984376,C,5.588666625655671,0.1414136314794242,1.0
604905500367349888,M67,133.04723589924,11.76053641618,12.706972,0.00016813732315268336,5322.16455078125,91.46673583984376,C,5.258417912323937,0.1555216784859743,1.0
604905534727082880,M67,133.06586854251998,11.7755364175,14.804375,0.000266894009567082,5598.0,41.0,A,0.7390376505167596,0.018728018865722163,1.0
604906148906681088,M67,133.09254902607,11.81749079815,14.718059,0.00025818631366815843,5569.0,45.0,A,0.8022577514952636,0.020486329989963938,1.0
604906256281593472,M67,133.04001538111,11.77949836102,13.897225,0.00020541914788576847,6078.0,43.0,A,1.6587428676150635,0.04262763885758967,1.0
604906565519358464,M67,132.98572261677,11.79026593711,14.235974,0.00023154544775391846,5836.0,9.0,A,1.2268031452332189,0.030426431483822413,1.0
604906599878983680,M67,132.99492882969,11.80411165293,15.344032,0.00036796207971293433,5155.0,60.0,A,0.4756836387440102,0.014444525829168869,1.0
604908004332577152,M67,132.78338122233,11.64055521794,14.322264,0.00027863986601598306,5864.0,37.0,A,1.1313774841712625,0.028185215285570518,1.0
604908416649384960,M67,132.67489139118,11.614602686589999,12.510035,0.00014880835468300234,5491.69140625,91.46673583984376,C,6.177331827659187,0.16863645141313285,1.0
604909142499704704,M67,132.75279123605,11.67813838098,15.154915,0.0003745169215975143,5324.0,63.0,A,0.5515300312443271,0.015514956489358803,1.0
604909589176298368,M67,132.794871298,11.664128090280002,14.488975,0.00032486016696490875,5780.0,33.0,A,0.974979274715345,0.024225148883828828,0.942
604909657895767680,M67,132.82930811836002,11.671027058469999,13.588771,0.0002042198453369145,6131.0,37.0,D,2.2002964847263686,0.057254648431912164,1.0
604910001493155584,M67,132.789563114,11.695828644430001,12.614074,0.00015958731716314375,5411.0634765625,91.46673583984376,C,5.66351311922266,0.16012423040435986,0.981
604910546953207680,M67,132.84065264066,11.73473400325,14.020125,0.00022904134546857465,5869.0,35.0,A,1.4939995591465085,0.037217941848069626,1.0
604911135364520448,M67,132.75849241869,11.75529777744,14.800416,0.0003695183576510897,5597.0,49.0,A,0.741801577954509,0.01888159028574936,1.0
604911341522929536,M67,132.83466054538,11.76456537158,13.024863,0.00024384952982498822,6156.0,70.0,E,3.696208808977088,0.09698968926643994,1.0
604911650760586624,M67,132.79126774873998,11.771363869719998,14.392676000000002,0.00032832922934105654,5822.0,37.0,A,1.0627577184254098,0.02643253882338618,1.0
604911685120320512,M67,132.80086749883998,11.787453600720001,14.927113,0.0004097126186758274,5524.0,44.0,A,0.6645801336979813,0.017133287176770266,1.0
604912402379032704,M67,132.69631642471,11.715217284749999,14.018824,0.00020668301688593933,6007.0,45.0,A,1.4866501947248447,0.03768293111868135,1.0
604912647193030016,M67,132.65051212498,11.721681419660001,12.502462,0.0001625203568322507,5016.896484375,91.46673583984376,C,6.691998860163817,0.2404997875346011,1.0
604914021582551168,M67,132.71788690228001,11.75098534781,14.478691,0.00028356085730101845,5810.0,40.0,A,0.9824892340053564,0.024446362684734442,1.0
604914468259140224,M67,132.76352037477,11.763157060569998,12.517296,0.00019459096226297543,5986.0,41.0,F,5.931618449679878,0.14978049097529664,1.0
604914949295282816,M67,132.75330770931998,11.81465369096,14.466601999999998,0.0002921279872433671,5810.0,28.0,A,0.993489566083135,0.02466499781649253,1.0
604915086734257152,M67,132.6606666374,11.77678713518,15.241210999999998,0.0003244917210200788,5290.0,67.0,A,0.5118203557960036,0.014714220109212894,1.0
604915636490059008,M67,132.70806438179,11.82020070602,12.701582,0.00016232248207272848,5180.24462890625,91.46673583984376,C,5.4002073134233175,0.17368098037856286,1.0
604915705209528320,M67,132.73604954168002,11.83184139674,14.493231,0.0002706098525184943,5771.0,37.0,A,0.9717093933990528,0.024168362917966958,1.0
604915739569261184,M67,132.75436259021,11.836351827,12.555823,0.00019616958789668112,5448.03857421875,91.46673583984376,C,5.950222656150327,0.16542937533896507,1.0
604915877008228096,M67,132.70003836007,11.82819475546,14.381816,0.00023159816829547729,5801.0,36.0,A,1.0747495321663596,0.02671738552899841,1.0
604916426764198400,M67,132.87226272823,11.75766746773,12.682125,0.00018610370188115082,5085.16552734375,91.46673583984376,C,5.593352650456926,0.19158795630741887,1.0
604916667282344576,M67,132.93331604558998,11.77346991477,12.601736,0.00017938979293157388,5459.5,91.46673583984376,C,5.696604667839424,0.15759402015655555,1.0
604916770361557504,M67,132.93636483741994,11.77944464051,12.7393675,0.00017004996033255105,5110.380859375,91.46673583984376,C,5.280712380593309,0.17779909931556745,1.0
604916976519989248,M67,132.92284679368998,11.793367804879999,13.9570675,0.000221365584531488,5938.0,70.0,E,1.5781192445180396,0.03978914103497545,1.0
604917010879734528,M67,132.90026568938,11.79639075268,14.317329999999998,0.0002438038077544953,5892.0,23.0,G,1.1349234117093083,0.0282820562119804,1.0
604917148318677120,M67,132.92002280088002,11.81820990511,13.669246,0.00019391478479572968,6151.0,48.0,F,2.042017351530029,0.05344391589595447,1.0
604917281461920256,M67,132.83380131978,11.778253049649999,12.637296,0.00018953035707777827,6172.0,47.0,F,5.27970841012272,0.1389787144985984,1.0
604917281461922432,M67,132.83557913853,11.768011144910002,13.056709,0.00029292149848985955,6153.0,70.0,E,3.589645281225012,0.09412044450036967,1.0
604917629355040896,M67,132.84220101745,11.807752217260001,15.455043,0.0006324049218815888,5076.0,77.0,A,0.4357932894738015,0.01441952124713215,1.0
604917831217881728,M67,132.88839142306006,11.814250136460002,12.570298,0.0001887969943938589,6121.0,39.0,F,5.623298766902229,0.14596348654307273,0.998
604917865577461888,M67,132.89278249803002,11.82883869668,12.729687,0.00017865840724807567,6360.0,200.0,B,4.832549577675861,0.1359656121219438,1.0
604917972952399232,M67,132.90580993895,11.83479438266,12.449357,0.00015235129398042058,6087.0,42.0,F,6.292223136748527,0.16201883377775347,1.0
604918140455366528,M67,132.86639908153998,11.836631297019998,14.248149,0.000250405986424785,5915.0,35.0,G,1.2082628906446111,0.03021388927250292,1.0
604918247830309376,M67,132.88293998606,11.85461580222,13.864686,0.00024888251238916166,6111.0,42.0,G,1.707498326155986,0.044218460611896514,1.0
604918247830312576,M67,132.87480074618,11.852504096199999,13.957524,0.00020706857515503092,6028.0,29.0,G,1.5717828367067692,0.03994212767518407,1.0
604918522708192256,M67,132.99484112225,11.83402907951,14.157154,0.00023010893579540468,5881.0,52.0,A,1.3160550273802725,0.032909998631415804,0.999
604918591427678848,M67,132.95807099554,11.825320349989994,12.487432,0.000181190741344562,6008.0,33.0,F,6.0918505891895816,0.15427878789050034,1.0
604919209902956160,M67,132.99410914625,11.87091047884,15.084614000000002,0.00036006860677668425,5428.0,57.0,A,0.5807742901046994,0.015568114479960706,1.0
604919583564564096,M67,132.9619372237,11.86903096501,15.630089000000002,0.00048298943728355135,5013.0,94.0,A,0.3757215226084469,0.013653142119436036,1.0
604920549932808320,M67,132.81265907111,11.82252647523,14.000402,0.00026012000662730675,6042.0,48.0,A,1.510172924255281,0.03853490197013736,1.0
604920648716270848,M67,132.82720652908,11.82263072107,12.504985,0.0001760101083948798,6026.0,39.0,F,5.990176027872512,0.15226743775491894,1.0
604920786155223552,M67,132.77179362673002,11.82613316281,13.6247,0.0002060695095003264,6128.0,44.0,F,2.128852778093421,0.05537041505993882,1.0
604920927889929216,M67,132.80277538728,11.84293986971,13.499854999999998,0.00021089418017432968,6193.0,70.0,F,2.384353347159661,0.06320990073041488,1.0
604920962249663360,M67,132.81511020485001,11.848939814360001,12.783987,0.000207892042918518,5300.33837890625,91.46673583984376,C,4.913231537005632,0.14706722886122978,1.0
604921129752600832,M67,132.82817031826,11.85518486177,12.811345,0.00018978586989624948,5214.3291015625,91.46673583984376,C,4.8535953950683535,0.1528072005421918,1.0
604921198472075008,M67,132.869964673,11.8666480975,12.510128,0.00017691656798900427,5590.556640625,91.46673583984376,C,6.118535859357442,0.16136018311290612,1.0
604921885666815360,M67,132.73464449131,11.85812332221,13.971825,0.00022108913791102984,6074.0,46.0,A,1.548797504459519,0.03977543961479322,1.0
604921924322164608,M67,132.74227548505,11.87286863955,12.626286,0.00017620939886702478,5025.36767578125,91.46673583984376,C,5.960034697346046,0.2128965356709119,1.0
604922061761107584,M67,132.77419972423002,11.886304627410002,14.870339,0.0003187445161590919,5551.0,40.0,A,0.6984356672201681,0.017853007062426356,1.0
604922096120852864,M67,132.75313068653,11.88651278563,14.620118,0.00027790583725830793,5725.0,45.0,A,0.8671517016310824,0.02166427593356968,1.0
604922267919525504,M67,132.80116418084998,11.90637916263,14.016835999999998,0.00021537400345656248,6031.0,67.0,A,1.4880625399826544,0.03797192881701725,1.0
604922886394972160,M67,132.92173896633005,11.90806280055,12.658959,0.00015784711727005773,6207.0,32.0,F,5.171216013541804,0.1374716058205751,1.0
604923470510324224,M67,132.95344539762,11.94755492766,12.666274,0.0001604003184965141,5011.5146484375,91.46673583984376,C,5.761426185176816,0.2078609644145384,1.0
604923607949286912,M67,132.90652769331,11.945705475510001,14.271757999999998,0.0002198790713444908,5851.0,33.0,A,1.186062543201028,0.029507996432788737,1.0
604923848467467648,M67,132.86615347123,11.92803125884,13.173748000000002,0.00023036994760187359,6074.0,29.0,G,3.2301693508198084,0.08287373569527395,0.997
604924393927734528,M67,132.89747103201,11.96569736057,12.619714,0.0001528793692137833,5494.88037109375,91.46673583984376,C,5.581942843872844,0.15219046549306647,1.0
604924531366686080,M67,132.92826222143,11.991943847469999,13.906324,0.00018867300679379343,6067.0,49.0,A,1.6454809715266514,0.042203963687901865,1.0
604942505805554176,M67,133.06434896795,11.88373909846,14.353541,0.0002546699026322031,5901.0,55.0,A,1.0972166274605095,0.02749174362110764,1.0
604943880195096320,M67,133.00168031313,11.935279833839994,14.209217,0.0002438658348810645,5904.0,37.0,A,1.253024786294206,0.031308093192476384,1.0
604944120713062784,M67,133.01894290141,11.98023219052,15.480659,0.00046631809765100216,5075.0,58.0,A,0.4257155023332232,0.013443319018104314,0.931
604962640612163200,M67,132.58984972072,11.83975829325,14.357993,0.00022137071812906362,5861.0,45.0,A,1.0949234929417275,0.02731144629567097,1.0
604964255519855232,M67,132.61684623037,11.91403865434,14.034624,0.0001971598614199788,6004.0,44.0,A,1.4653386382253175,0.03712020545247421,0.996
604969031523465728,M67,132.73331353217,11.89775953506,13.514960999999998,0.0001931139427657899,6180.0,39.0,F,2.3521227420813173,0.06203947821806925,1.0
604969168962428672,M67,132.69524063746,11.897948733369999,15.142045,0.00033109038871294907,5367.0,61.0,A,0.5549502963522003,0.015289839654113575,1.0
604969203322163840,M67,132.70041629075,11.91323846768,13.964726,0.0001896000425212692,6016.0,34.0,A,1.5620739090463645,0.03961953957912634,1.0
604969267746269696,M67,132.68994265953998,11.92656936869,15.576284,0.0004447815875198996,5034.0,115.0,A,0.3930663167021186,0.015071259803971157,1.0
604969546919528576,M67,132.75663448395,11.93785872761,14.756734,0.0002795653708179751,5590.0,36.0,A,0.7727275908616396,0.019564568496442614,1.0
604969615639180416,M67,132.78805127243,11.95008761473,14.404068,0.0002817073610672133,5805.0,32.0,A,1.052698412445019,0.02615039320787613,1.0
604969714422619136,M67,132.73772698393,11.94741436347,14.792496,0.00027578173007530046,5613.0,40.0,A,0.7462090075777436,0.018853118980351864,1.0
604969783142095744,M67,132.71590342884,11.948850708710001,12.618428,0.0001487716964882058,6176.0,56.0,F,5.371737843955864,0.1416156807673092,0.981
604969787437705216,M67,132.72659726876,11.94139724242,12.646653,0.0001743754641207449,6275.0,200.0,B,5.2231879508769605,0.14308623079110286,1.0
604969924876649088,M67,132.74306072143,11.97077638023,14.350588,0.00021449099012309404,5879.0,44.0,A,1.101397873034752,0.027495774410919945,0.993
604970783870102656,M67,132.74367683632,11.99429319604,14.085518,0.00018932531617752286,5927.0,36.0,A,1.4027297059291899,0.035124866549354594,1.0
604971088812177280,M67,132.80405226853998,11.95024504069,14.297556,0.00022376405219844096,5866.0,21.0,A,1.1572989246366456,0.02877586834666075,1.0
604971367985645184,M67,132.78309536785,11.98147926982,14.585341,0.00028579604676280484,5725.0,38.0,A,0.8953766319003899,0.02232028802855092,1.0
604971402345381120,M67,132.79034512558002,11.986014159719998,13.63032,0.00023417729690097973,6155.0,38.0,F,2.1163382267116506,0.05542681281255165,1.0
604972360122759296,M67,132.79275160301,12.02542398918,15.829375,0.0005078346848172133,4902.0,103.0,A,0.32081895164422,0.01311015336808777,0.999
604973635728426752,M67,132.58899685594,11.98580629565,14.868432,0.0002675956844756132,5540.0,34.0,A,0.7003957585465997,0.01788959392338477,1.0
604973979325779328,M67,132.70211603273,12.01504534958,14.894416,0.0002803692888551711,5525.0,25.0,A,0.6848307425861255,0.017480440285001758,0.95
604998237300962048,M67,133.04138921607,12.17529314375,14.014762,0.0002032082343098852,6026.0,29.0,A,1.491175491567981,0.03787925380931972,1.0
605001329677769088,M67,132.80217464901,12.18814056287,14.234879,0.0002600417596499851,5836.0,39.0,A,1.2280419128649271,0.030565702839379073,1.0
605008884523860864,M67,132.98188330028,12.29926039731,12.800269,0.0001669067579089502,5236.55419921875,91.46673583984376,C,4.886146700724477,0.15176557332497048,0.998
605009949676900352,M67,132.91088854044,12.337297671160002,12.709909,0.00016177666978275308,5079.18603515625,91.46673583984376,C,5.458373198094999,0.18773568558102333,0.999
2051099054264913408,NGC6791,290.23317521814,37.69495101654,17.533258,0.0012302182253469528,5641.0,60.0,A,1.7889244537158506,0.06353858990505963,1.0
2051104964139553152,NGC6791,290.26885385721,37.721195084390004,17.209989999999998,0.0010660371063372898,5111.0,134.0,A,2.578884846815144,0.117678446247314,1.0
2051105062919517312,NGC6791,290.26744842544997,37.7324577315,17.624872,0.0012319057902670154,5700.0,72.0,A,1.6368007731817669,0.05807289753592418,0.7
2051105170297984768,NGC6791,290.25499176003,37.7365227632,17.811264,0.0013899323232624775,5464.0,53.0,A,1.4080865914913938,0.05100974572112019,1.0
2051105273377214080,NGC6791,290.25617801726,37.74675735426,17.158867,0.0010886708506770504,4869.0,50.0,H,2.8518631842939217,0.12218572384155285,1.0
2051105376456463360,NGC6791,290.25731546327006,37.77556057731,17.032806,0.0009039685620200813,4702.0,50.0,H,3.3605743764590668,0.15510417795115378,1.0
2051105475236399232,NGC6791,290.29257066627,37.75206347031,17.675127,0.001203477215427588,5802.0,76.0,A,1.5523709513380688,0.05486775439043755,1.0
2051105479535704192,NGC6791,290.29066335543996,37.761348242880004,17.780876,0.0013813205733901506,5623.0,97.0,A,1.426208821520116,0.051542082608708385,1.0
2051105853193549440,NGC6791,290.31383076547996,37.79217498935,17.872519,0.0016456091488440947,5689.0,109.0,A,1.304022257272485,0.04698241400886827,1.0
2051105921913033856,NGC6791,290.3028910908,37.80741116158,17.451395,0.0011125684190273616,5606.0,61.0,A,1.9346287505579305,0.0689641717385319,1.0
2051286860290906496,NGC6791,290.17418660814997,37.70601297212,17.398229999999998,0.0013225062724107526,5599.0,194.0,A,2.032944115594105,0.07945150490473116,1.0
2051286933311574528,NGC6791,290.16181297451,37.72237205914,17.850647,0.0015652847850715042,5499.0,66.0,A,1.3529002819780656,0.04906006336136138,0.9
2051287032089669504,NGC6791,290.18506906361,37.733311912350004,17.734207,0.0013982183454937776,5583.0,44.0,A,1.4939794509583983,0.05310950963953463,1.0
2051287925442916864,NGC6791,290.12771825023,37.754784797279996,17.473945999999998,0.0014366344965360636,5540.0,7.0,A,1.9062350989752748,0.06761928880548572,1.0
2051288028522185600,NGC6791,290.13025133349,37.775214369009994,17.522910999999993,0.0015551718713955015,5451.0,210.0,A,1.8390471736888896,0.07869143107721513,1.0
2051288032823462528,NGC6791,290.12567590717015,37.76437172657,17.659437,0.001435272795006574,5503.0,56.0,A,1.6127668225085101,0.058153385082499925,1.0
2051288170257312896,NGC6791,290.14429570011004,37.78644772566,17.832014,0.001463347144752391,5585.0,53.0,A,1.3650376209781825,0.04865109501518598,1.0
2051288410780607744,NGC6791,290.11925773585,37.79796615323,17.646513,0.0014569006428079366,5497.0,26.0,A,1.6330853915034147,0.0583443954512621,1.0
2051293010684263680,NGC6791,290.23534340475,37.77056919181,17.477936,0.0010900490199810976,5752.0,249.0,A,1.8673306300103565,0.07214559354783172,0.9
2051293319921971584,NGC6791,290.23082447948997,37.797074038190004,17.17229,0.0011128879351708935,4924.0,86.0,A,2.778428671458143,0.1255181907683494,1.0
2051293358582702336,NGC6791,290.20849676994,37.79770838991,17.377768,0.0012688083190212365,5376.0,80.0,A,2.120843892517186,0.07968592187358826,1.0
2051293461661942016,NGC6791,290.27789765408,37.80231716271,17.98481,0.0016083502572816586,5632.0,83.0,A,1.181103454371495,0.042361865116272365,0.9
2051293633460636416,NGC6791,290.27434222608997,37.82203627434,17.220458999999998,0.0009833619961707868,5569.0,56.0,A,2.4010004504484512,0.08578384312601227,1.0
2051293667820377344,NGC6791,290.28496425018,37.8356846586,17.19161,0.0008764601013829297,5043.0,108.0,A,2.658073209172639,0.11882038756912296,1.0
2051293835318206208,NGC6791,290.25909519504,37.84824243958,17.130308,0.0011760639968275285,5592.0,6.0,A,2.6035079583993803,0.0919165577218118,1.0
2051294183217063936,NGC6791,290.18502079806,37.83412535092,17.349268,0.0010267456888791774,5702.0,40.0,A,2.1094787830111588,0.07427001466101132,1.0
2051294286296280192,NGC6791,290.15791761819,37.8190145357,17.316976999999998,0.0010623791976861019,5462.0,95.0,A,2.2204414801752805,0.08269263314436097,1.0
2051294316354467456,NGC6791,290.13754906316,37.829257655949995,17.910320000000006,0.0015709935148939301,5482.0,74.0,A,1.2828236189316111,0.04687477366139589,0.9
2051294355015399680,NGC6791,290.14609700951,37.83670798411,17.804577,0.001348807009137731,5509.0,87.0,A,1.4101027355759392,0.05167695055880535,1.0
2051294419433771136,NGC6791,290.18634654102,37.85476454536,17.587572,0.0011993494759001124,5627.0,48.0,A,1.7035744806047568,0.060372207600388375,0.9
2051294526814152832,NGC6791,290.21022329848,37.83428072311,17.138834,0.001195966649771831,5427.0,43.0,A,2.6266853654408555,0.09527943408030398,1.0
2051294659951945216,NGC6791,290.23592563847,37.854482500429995,17.707773,0.0012841736331810592,5549.0,89.0,A,1.5355826734740736,0.055919603784147336,0.9
2076282440392687104,NGC6819,295.49036898741,40.00241770031,15.369185,0.00039505392541841846,6588.0,32.0,I,3.6045494189132543,0.1132601408415138,1.0
2076294363221905536,NGC6819,295.46591790758,40.04201677481,15.612695,0.00044920820415476795,6488.0,32.0,I,2.8812112552593696,0.08664516723931495,1.0
2076294741179177088,NGC6819,295.34915843326,40.015939776719996,15.04033,0.000359224928238588,6426.0,32.0,I,4.883251665133043,0.1431761487519172,1.0
2076294775538919680,NGC6819,295.35507282045,40.01797043886,15.840329999999998,0.0005681147342806673,6364.0,32.0,I,2.338764265290099,0.06696895607688523,1.0
2076295153496051968,NGC6819,295.34190195047,40.05212194114,16.151310000000002,0.0005926137180416129,6311.0,32.0,I,1.7575477442253715,0.04938059309936112,1.0
2076295187855804800,NGC6819,295.35358929285,40.07018780222,15.194269,0.00039467519532733713,6455.0,32.0,I,4.236767700644663,0.12567885883086774,1.0
2076295256575314944,NGC6819,295.40959929788,40.05727640691,15.786173000000002,0.0005307943989707811,6360.0,32.0,I,2.458501393708296,0.07029218965603319,1.0
2076295462733781632,NGC6819,295.41785576177,40.09061579244001,15.133864,0.0003573474625018861,6320.0,32.0,I,4.485668410462684,0.12641114830463532,1.0
2076295668892210048,NGC6819,295.40746106578,40.099432148640005,14.488764000000002,0.00035410324931438455,6385.0,32.0,I,8.119114064767716,0.23429752474738216,1.0
2076295668892218112,NGC6819,295.41050681034,40.10623588496,15.895245999999998,0.000588051477135003,6385.0,32.0,I,2.2228796279088523,0.06415400210258768,1.0
2076295698944222720,NGC6819,295.38069047147997,40.10864827683,16.164106,0.0006296043547972088,6191.0,32.0,I,1.7409192274997742,0.04709346712032818,1.0
2076295703251935744,NGC6819,295.39466894314,40.10053741763,16.054438,0.0005706372658293218,6328.0,32.0,I,1.9210909471154445,0.05429694521602677,1.0
2076296459166071424,NGC6819,295.29915726429,40.01870876585,15.473182,0.00042864327211473286,6480.0,32.0,I,3.276421362171102,0.09819977027917187,1.0
2076296802763450112,NGC6819,295.25054086317,40.060274810820005,15.468651,0.0003818740428367277,6559.0,32.0,I,3.289125211720939,0.10200219155997543,1.0
2076296802763452544,NGC6819,295.2624601907,40.05179187967,15.097544,0.0005219469347909572,6401.0,32.0,I,4.633662323227905,0.1345466842557225,0.9
2076296935894866304,NGC6819,295.16833088756,40.01861273982,14.8282795,0.0003246500439545428,6459.0,32.0,I,5.93496833435858,0.1763375357632106,1.0
2076297455598475520,NGC6819,295.23678278853,40.067218284,14.873122,0.0003192709724169177,6442.0,32.0,I,5.695545553794923,0.16806031397721916,1.0
2076297661756927104,NGC6819,295.25231499502,40.09866367468,15.620792000000002,0.0004608777937241046,6385.0,32.0,I,2.8621817678646946,0.0825991382737721,1.0
2076297696116635648,NGC6819,295.2078236322,40.07006060918,15.613914,0.0004297890706017081,6446.0,32.0,I,2.8787602871289613,0.08508504704041456,1.0
2076297833555597952,NGC6819,295.21843394853,40.08899889976,15.622463,0.0004211302722712144,6438.0,32.0,I,2.8563576766869985,0.08415128500114069,1.0
2076297867915349248,NGC6819,295.23753582409,40.098351864,14.910482,0.00031862316799875323,6364.0,32.0,I,5.507132636995479,0.1576750245749214,1.0
2076297936634830336,NGC6819,295.22572671667,40.12187014528,15.036979,0.0003360683242335603,6430.0,32.0,I,4.8981809161118885,0.14384086233970386,1.0
2076297966689744000,NGC6819,295.3113601982,40.044456291790006,15.954144,0.0005124639351104494,6356.0,32.0,I,2.10621985012819,0.06013091021065752,1.0
2076298005354332672,NGC6819,295.32645583869,40.06189182836,16.070223000000002,0.0005688367052852622,6307.0,32.0,I,1.893950065779024,0.053138791943112086,1.0
2076298074073807744,NGC6819,295.31542651131,40.06996372858,15.837566,0.0005027378997294037,6287.0,32.0,I,2.3473090263431935,0.06541061836170642,1.0
2076298142793309952,NGC6819,295.34631317007006,40.08920606007,15.491523,0.00041018441828243485,6521.0,32.0,I,3.220908473088821,0.09823214276391776,1.0
2076298177153032960,NGC6819,295.32800974515,40.07834455103,15.678366,0.0004402409136441598,6377.0,32.0,I,2.714603185798301,0.07810332212581843,1.0
2076298417671211264,NGC6819,295.32468271672,40.10294877871,16.207714000000006,0.0006418441558118815,6239.0,32.0,I,1.670667677459574,0.04584368170370586,1.0
2076298795628342144,NGC6819,295.32614074398,40.11780611289,14.817538,0.0002744428035999664,6215.0,32.0,I,6.014154097765155,0.16379885911841574,1.0
2076298829988104832,NGC6819,295.34052600492,40.13451487047,14.381397,0.0002508168554270493,6105.0,32.0,I,9.012402408864338,0.23837136532417336,1.0
2076298829988109952,NGC6819,295.34887612268994,40.13365317854,14.983801,0.00029444958525307296,6320.0,32.0,I,5.150537723878342,0.1451447304035502,1.0
2076298933067338112,NGC6819,295.3564113643,40.140377477979996,15.67516,0.00052134098783008,6438.0,32.0,I,2.7210324229716303,0.08016816127983205,1.0
2076298967427112448,NGC6819,295.36910613772005,40.164055114309996,15.135857,0.00038314250925189873,6551.0,32.0,I,4.468949228029625,0.1380979792231499,1.0
2076299001786815104,NGC6819,295.34626556912997,40.15190226769,14.754004,0.00029078168354948215,6279.0,32.0,I,6.368748541985275,0.17698481667521632,1.0
2076299036146569344,NGC6819,295.34934202224997,40.16424969581,16.016682,0.000627491433875093,6247.0,32.0,I,1.9917525071954327,0.0547906100819579,1.0
2076299207945183360,NGC6819,295.29132279842,40.11933085893,15.93873,0.0006007078768790992,6287.0,32.0,I,2.138477686948109,0.05959479800320019,1.0
2076299207945186048,NGC6819,295.29149866893,40.1245280863,14.372309,0.00024227327232553023,6247.0,32.0,I,9.057003770612313,0.24910000588464706,1.0
2076299276664661248,NGC6819,295.28108360531,40.1328463168,14.9272585,0.0003191054417030449,6332.0,32.0,I,5.424943662458202,0.1535280336635126,1.0
2076299311024407936,NGC6819,295.29170234389,40.137152518120004,15.071249,0.00044490220114904805,6332.0,32.0,I,4.7511531057583465,0.13446634019529602,1.0
2076299379743863936,NGC6819,295.26371932429004,40.126593894109995,15.078628,0.0003303552787540506,6426.0,32.0,I,4.714005072913821,0.13821250843061064,1.0
2076299414103588224,NGC6819,295.2352087486201,40.12799461492,15.280747,0.0006652225363842678,6455.0,32.0,I,3.912400981819572,0.11607293218567424,1.0
2076299414103590016,NGC6819,295.23196199486,40.135501198659995,15.789435999999998,0.0004979246751928754,6360.0,32.0,I,2.45112279826085,0.0700799951523892,1.0
2076299585902421760,NGC6819,295.27723558347,40.166360675279996,14.797574,0.000277889896229972,5041.0,32.0,I,6.829832347693424,0.21256012323824747,1.0
2076299620262070912,NGC6819,295.3181249755,40.1387548533,15.431235999999998,0.0004108718428129118,6488.0,32.0,I,3.40532441331965,0.10240496592529227,1.0
2076299757701051648,NGC6819,295.32902629334,40.16247830719001,14.349932,0.00021290508546665008,6148.0,32.0,I,9.266325736455686,0.2476955651064924,1.0
2076299757701064832,NGC6819,295.33104360988,40.173892062520004,14.409524,0.00041390757177142635,5963.0,32.0,I,8.826285251427766,0.2274110980963063,1.0
2076299792060818560,NGC6819,295.34726985451,40.17293803,15.038745,0.00033276337775527923,6368.0,32.0,I,4.893277204334676,0.14030839196304126,1.0
2076299792060823040,NGC6819,295.34837096252005,40.17719199249,15.054717000000002,0.0003579141971179436,6295.0,32.0,I,4.826730399425768,0.13485624831032558,1.0
2076299792060824960,NGC6819,295.34434128192004,40.18395331149,15.161242,0.00041209795459854837,6551.0,32.0,I,4.3656755797592615,0.13490803117687694,1.0
2076299826420539648,NGC6819,295.32419289942004,40.179982932150004,14.376305,0.0003155584154506741,6211.0,32.0,I,9.030365983472606,0.2456587887218127,0.9
2076299826420588416,NGC6819,295.31664521003,40.18331756955,14.365642,0.00026611511144093296,5861.0,32.0,I,9.234491364695767,0.23561281759841005,1.0
2076299860780302464,NGC6819,295.33723744928,40.1924391804,14.726666,0.0002663012410935479,6496.0,32.0,I,6.5158095003776015,0.1965968546259345,1.0
2076299895139975424,NGC6819,295.29097737376,40.166374592729994,15.329616,0.00039800066342230713,6451.0,32.0,I,3.740318357861464,0.11077203310750268,0.9
2076299929499734272,NGC6819,295.30275399432,40.179854637679995,16.21859,0.0005898085127210293,6191.0,32.0,I,1.6557137536054043,0.04478732079338221,1.0
2076299929499739648,NGC6819,295.30061620686,40.190138446140004,14.466779,0.00025465688871220444,6475.0,32.0,I,8.278922210308782,0.2476031591809349,1.0
2076299963859446016,NGC6819,295.27742059418,40.17208865479,14.296972,0.00026204296665543754,5887.0,32.0,I,9.824385811457079,0.25109112857934585,0.9
2076300101298449792,NGC6819,295.302197011,40.20806832912,14.735112,0.0002967250938023017,6283.0,32.0,I,6.480090492298412,0.18031846450789435,1.0
2076300135654236160,NGC6819,295.31402634097,40.224851083800004,14.898807,0.00041153802255738736,6328.0,32.0,I,5.569296653699776,0.15739530957146006,1.0
2076376105038004864,NGC6819,295.51410997253,40.00535356892,14.315503,0.00025101178929447444,6243.0,32.0,I,9.544218950038736,0.26217164888272115,1.0
2076376345547506944,NGC6819,295.52187973957,40.02302145564,15.669566,0.0004376215116539887,6397.0,32.0,I,2.7361059132828744,0.07932227649718858,1.0
2076376860952287104,NGC6819,295.55709268847,40.06070752058,15.129032999999998,0.00035036967652117237,6446.0,32.0,I,4.499431887718731,0.13298184575304778,1.0
2076388337105190144,NGC6819,295.49824688275004,40.083387941350004,14.404198,0.00023478614898811138,5974.0,32.0,I,8.865656711008937,0.22875678175360964,1.0
2076388405824633216,NGC6819,295.46511813095003,40.07239834747,15.930155,0.0005399751343747654,6426.0,32.0,I,2.1516873169139394,0.06309218291340682,1.0
2076388577623375360,NGC6819,295.49452878064,40.11210438199,15.974206,0.0005422468828241672,6295.0,32.0,I,2.069462108324524,0.05782486967631404,1.0
2076389230458351872,NGC6819,295.43922672633,40.096986948150004,15.828312,0.0005032339469943236,6364.0,32.0,I,2.3647962661213042,0.06771193016254598,1.0
2076389539696509952,NGC6819,295.4400667476,40.12837234772,15.507936,0.00043543115853282815,6509.0,32.0,I,3.172739346846144,0.09626544285698917,1.0
2076389711494726912,NGC6819,295.43832051544,40.15366707639001,15.822857999999998,0.0005254149914172455,6377.0,32.0,I,2.3763450138268283,0.0683739939055137,1.0
2076389745854485504,NGC6819,295.45122701466,40.17079186316,15.086861,0.00034252801702449063,6422.0,32.0,I,4.678557360618509,0.13695707960059644,1.0
2076389848933704832,NGC6819,295.47122452742,40.15389190606,15.216506,0.00036267419719619037,6475.0,32.0,I,4.150332605812249,0.12413064557576045,1.0
2076390020732454528,NGC6819,295.50964041621,40.19772592423,15.63328,0.0004647957725793144,6500.0,32.0,I,2.8269266527329027,0.08544541254781186,1.0
2076390089451891968,NGC6819,295.4782465112,40.176277953690004,16.129194000000002,0.0005438692834613357,6191.0,32.0,I,1.7978086497465346,0.048629542204861036,1.0
2076390158171365248,NGC6819,295.46400449977995,40.18653768345,15.748527,0.0004624110548259553,6430.0,32.0,I,2.543405940349408,0.07469382248962247,1.0
2076390226890883456,NGC6819,295.50076714969,40.205302805159995,15.633957999999998,0.0005296222280538596,6496.0,32.0,I,2.8252170180831135,0.0852515735801377,1.0
2076390604848025728,NGC6819,295.55428161528,40.17333443893,15.771112,0.00044919908777409816,6517.0,32.0,I,2.4897125920722827,0.07580200215190555,1.0
2076391532560976256,NGC6819,295.53798016815,40.21970531855,15.191934,0.0004180209188743899,6459.0,32.0,I,4.2457728099627055,0.1261529997817868,1.0
2076391876158377984,NGC6819,295.54348159218,40.24618579357001,14.966065,0.0003923528829495636,6442.0,32.0,I,5.2282705499814215,0.1542761870023907,1.0
2076392254115515392,NGC6819,295.55166917355,40.26651075178,14.863838,0.00045925014456528967,5217.0,32.0,I,6.222554374017153,0.17939158172249164,1.0
2076392254115516928,NGC6819,295.55637378001,40.264465946879994,15.062709,0.0003427739114231928,6426.0,32.0,I,4.783629530467533,0.14025444469585066,1.0
2076392460273969792,NGC6819,295.56615691023,40.294702613009996,14.398705,0.00024398214489204097,5959.0,32.0,I,8.916179803821523,0.2295887600772545,1.0
2076392563352993152,NGC6819,295.41217772809,40.154496651020004,15.758121,0.0004700495058306808,6418.0,32.0,I,2.5212941751268736,0.07369443228807503,1.0
2076392627762314624,NGC6819,295.39945108626,40.17429756824,15.221541,0.00036109946038722,6509.0,32.0,I,4.130399336285456,0.1253187959054077,1.0
2076392632072471296,NGC6819,295.40537858527,40.16402647936,14.993317,0.0005103559427820549,6364.0,32.0,I,5.1026036914572925,0.14610494784542655,1.0
2076392700791982336,NGC6819,295.43865623561,40.181623369040004,15.521523,0.0004480028436300276,6559.0,32.0,I,3.1327904309545977,0.09715629629949546,1.0
2076392735151698304,NGC6819,295.40845722398,40.18053943195,15.629267,0.00044709868681677326,6405.0,32.0,I,2.839344281025044,0.08257001780532187,1.0
2076392803871143808,NGC6819,295.38309157591,40.16394755453,15.680858,0.000462283314458844,6426.0,32.0,I,2.707060841762833,0.07937390136201633,1.0
2076392838230896384,NGC6819,295.3891298963,40.17677714625,14.817395,0.0002902878665857954,6344.0,32.0,I,6.0016402121835215,0.17057959317322788,1.0
2076392872590617984,NGC6819,295.36663398907996,40.1784627002,14.969323,0.00033834423480031024,6385.0,32.0,I,5.2153673422384506,0.15050174902997335,1.0
2076392906950372224,NGC6819,295.37471283642014,40.19244486556,14.947116,0.0003359798532008674,6368.0,32.0,I,5.324164073802184,0.15266368478584108,1.0
2076392941310124032,NGC6819,295.39299758267003,40.18937166483,15.055104,0.00034582643557222345,6430.0,32.0,I,4.817088311458197,0.14145994527397604,1.0
2076392971359841152,NGC6819,295.40974939404,40.20879645126,16.010939999999998,0.0005641221299041626,6299.0,32.0,I,2.0004873896182023,0.05597426609850978,1.0
2076393113108862080,NGC6819,295.44979294541,40.19826757411,15.062237,0.00033282637563539333,6430.0,32.0,I,4.7855471135717735,0.14053308793393066,1.0
2076393113108869248,NGC6819,295.45070715137,40.2086079637,15.047710999999998,0.00033275538399879154,6446.0,32.0,I,4.849381690446193,0.1433238631378276,1.0
2076393147468599296,NGC6819,295.43715967018,40.21024020782,15.988336,0.0006906344622023249,6413.0,32.0,I,2.039658271619776,0.05950773279963579,1.0
2076393250547853056,NGC6819,295.47629500975,40.22414388759,16.259735,0.0006183398522391499,6271.0,32.0,I,1.5915559837199411,0.044119715847529384,0.9
2076393525425762944,NGC6819,295.45908108259,40.245831752659996,14.895695000000002,0.00030838269479255834,6446.0,32.0,I,5.578186422685857,0.16486249425524627,1.0
2076393697224330752,NGC6819,295.33579691758,40.20472036466,14.364789000000002,0.0002292030858097052,6525.0,32.0,I,9.092128037297817,0.27776081197888075,1.0
2076393731584598016,NGC6819,295.36090641567995,40.209226623490004,15.327069,0.00045487996754539845,6488.0,32.0,I,3.7482218304011314,0.11271859632160106,1.0
2076393765943851904,NGC6819,295.37679411344,40.220395435869996,14.8036175,0.0003123649110296928,6295.0,32.0,I,6.082650681864432,0.1699431654536495,1.0
2076393903382774016,NGC6819,295.33612739209,40.22107564161,14.866908,0.00035089474268500565,6442.0,32.0,I,5.728237109897453,0.16902669939238738,1.0
2076393937742517120,NGC6819,295.34416106641004,40.21938920452,15.02054,0.000330363245217636,6413.0,32.0,I,4.973653887268993,0.14508146614022868,1.0
2076394040821754880,NGC6819,295.35760273729,40.23563829155,15.074359,0.00033381829451634024,6307.0,32.0,I,4.739298797055927,0.13295589436412272,1.0
2076394040821761152,NGC6819,295.35901274959,40.243487188059994,14.942596,0.00033559815805912465,6434.0,32.0,I,5.342854369908046,0.15714944586316967,1.0
2076394070871725568,NGC6819,295.37224302697996,40.253337975140006,14.763144,0.00028411815993079336,6311.0,32.0,I,6.312097558425712,0.17732082780741296,1.0
2076394109541235072,NGC6819,295.34495929789,40.25559522332,14.971054,0.00033878601850340377,6418.0,32.0,I,5.2053520159899165,0.15213823305938598,1.0
2076394173950841088,NGC6819,295.40454280209997,40.23938593914,14.805923000000002,0.00031457833424272685,6389.0,32.0,I,6.062142337189138,0.17520211402103056,1.0
2076394178260737920,NGC6819,295.39665366268997,40.23637345769,15.034284,0.0003193202820363853,6418.0,32.0,I,4.910868216923278,0.14353036233679153,1.0
2076394281339968256,NGC6819,295.39242121811003,40.265939311690005,14.811414,0.00030659262149614004,6356.0,32.0,I,6.033865222200623,0.1722469613860959,1.0
2076394281339975680,NGC6819,295.4071479809,40.26121249461,15.36417,0.00038436400723328607,6530.0,32.0,I,3.6216431210392734,0.11088551853360072,1.0
2076394315699729536,NGC6819,295.42647908948,40.260988290549996,14.765726,0.00027713151421549534,5416.0,32.0,I,6.626126658904814,0.1784301080527836,1.0
2076394483188725376,NGC6819,295.39541498252004,40.28011784854,15.342279,0.0004222994267215167,6614.0,32.0,I,3.694995633248684,0.11750711877133535,1.0
2076394659297118976,NGC6819,295.38929237802,40.31265657363,16.09894,0.00055202866737816,6295.0,32.0,I,1.8448620998393248,0.051549400399199766,1.0
2076394728016625024,NGC6819,295.49127048225,40.23904445476,15.261776,0.0003874148354606232,6538.0,32.0,I,3.9797193629135568,0.12227634015341987,1.0
2076394865455603456,NGC6819,295.50440211605,40.26696277408,15.370501999999998,0.0004254770385917417,6492.0,32.0,I,3.6011633008061272,0.10847739150971164,1.0
2076395002894523136,NGC6819,295.46548713194,40.256461263249996,15.912099,0.0006279242388500302,6401.0,32.0,I,2.1882770935201377,0.0635444396722103,1.0
2076395002894914176,NGC6819,295.46516597546,40.2603038793,14.939562,0.00033163536715762764,6397.0,32.0,I,5.359627773223346,0.15537424242897607,1.0
2076395174693258368,NGC6819,295.49402693242,40.296082745599996,15.92816,0.0005856269491041815,6434.0,32.0,I,2.155499991649964,0.06340690875300274,1.0
2076395312132237824,NGC6819,295.53503444876,40.30122770525,15.919628,0.0005310646330213101,6409.0,32.0,I,2.1729851405937497,0.0632926580597241,1.0
2076395312132246272,NGC6819,295.55017488182006,40.3007640403,14.337621,0.0003338972220021837,6129.0,32.0,I,9.376780707565473,0.2494521146823205,1.0
2076395380851714176,NGC6819,295.52875091507997,40.306957048499996,15.695262,0.0005973837856047857,6459.0,32.0,I,2.670701941522252,0.07936047351299302,1.0
2076395587010146432,NGC6819,295.52001059202,40.320771532600006,16.078709,0.0006312410881557722,6340.0,32.0,I,1.878311864174816,0.05331760491340648,1.0
2076395964967236096,NGC6819,295.46829916253,40.315834284619996,15.11684,0.0004021816815934472,6517.0,32.0,I,4.548393682065459,0.1384782458922349,1.0
2076396136765909504,NGC6819,295.43204056163995,40.32594347066,14.331053,0.00026747891967555894,6247.0,32.0,I,9.407775147705783,0.25874933779153403,1.0
2076396171125625984,NGC6819,295.40563933868,40.32193178285,14.962073,0.0003637986302231695,6426.0,32.0,I,5.248216588818708,0.15387711233415108,1.0
2076396652162025344,NGC6819,295.46057206334,40.36759159416,15.825015,0.0005146690133114568,6446.0,32.0,I,2.370090284996705,0.07005345094321666,1.0
2076396720881495808,NGC6819,295.44545261163,40.37391836863,16.202276,0.0005512445540083884,6291.0,32.0,I,1.6774810959750708,0.046809151344274665,0.9
2076485055458580096,NGC6819,295.1621504507,40.08402006024,16.119343,0.0005794991047157973,6207.0,32.0,I,1.8135432033294268,0.04928357393229073,1.0
2076485162844678784,NGC6819,295.11368399965,40.07114412965,15.239417,0.00037858581282113047,6534.0,32.0,I,4.062573772494559,0.12460298791541995,1.0
2076485369003144960,NGC6819,295.12928342499,40.1073510427,15.041654,0.00033798414613732365,6451.0,32.0,I,4.8763329692100985,0.14441278175216798,1.0
2076485643881116416,NGC6819,295.19586073246,40.132834975490006,16.153542,0.0005847673295256848,6275.0,32.0,I,1.7549667411144223,0.04871238277055788,1.0
2076485850039545088,NGC6819,295.17909033834997,40.14968020207,15.7649765,0.0005387491389490912,6405.0,32.0,I,2.505729295370977,0.07287157447624402,1.0
2076485884399290624,NGC6819,295.18525437486,40.15467561706,16.290092,0.0006426322631059439,6168.0,32.0,I,1.551038083587272,0.04169010835143512,1.0
2076485884399294976,NGC6819,295.18967688929,40.1578170628,15.63835,0.00045118573917840907,6530.0,32.0,I,2.8134154559230247,0.08614181523744394,1.0
2076486124917385472,NGC6819,295.11271941825,40.119113834400004,15.216926999999998,0.00039302685729996354,6521.0,32.0,I,4.1477910445658,0.12649966459133813,1.0
2076486395488440576,NGC6819,295.09263727375,40.14684720616,14.988801,0.00034402090814522585,6505.0,32.0,I,5.1179486456207375,0.15501547190171566,1.0
2076486571594029440,NGC6819,295.15172584676014,40.1477083708,14.994303,0.00036025748121861303,6438.0,32.0,I,5.094209249835597,0.150077244664772,1.0
2076486670366364544,NGC6819,295.16248762778,40.16008601215,15.546948,0.0005060726645779864,6517.0,32.0,I,3.060658109286118,0.09318737464078004,1.0
2076486777752493056,NGC6819,295.15682185871003,40.195399372679994,14.591265,0.0005398118152628841,5471.0,32.0,I,7.733029795385653,0.20523225154054456,1.0
2076487052630612992,NGC6819,295.14168084762997,40.212892896590006,15.030442,0.0003638344873850704,6555.0,32.0,I,4.924558966504046,0.15244699888377036,1.0
2076487086990151296,NGC6819,295.21956177134996,40.14508882078,14.340527,0.00023118898598821293,6247.0,32.0,I,9.326042895030918,0.2564987895311457,1.0
2076487086990161024,NGC6819,295.2264897238,40.152131204330004,16.165237,0.0005724196034622077,6219.0,32.0,I,1.7380329910852992,0.04739974606298899,1.0
2076487155709622784,NGC6819,295.20557419939996,40.15192872905,15.137084,0.0003443612191602649,6509.0,32.0,I,4.464522347881563,0.1354555517163605,1.0
2076487258788894208,NGC6819,295.26047687653,40.17188510547,14.814248999999998,0.0002841878113403429,6332.0,32.0,I,6.02003496320006,0.17036745025179756,1.0
2076487258788900608,NGC6819,295.26204315569,40.17890202495,15.185867000000002,0.00035475281890162105,6496.0,32.0,I,4.268625308185729,0.12879747134623434,1.0
2076487499307049984,NGC6819,295.22432792213,40.19756988945,14.5688715,0.0002703999344769388,6451.0,32.0,I,7.537133483848294,0.2232080491192416,1.0
2076487499307051008,NGC6819,295.23167739586,40.190852863159996,14.331695000000002,0.0002438638345129064,6078.0,32.0,I,9.44234733400256,0.2482346691615244,1.0
2076487533666801408,NGC6819,295.23180353408,40.20456959314,14.782324,0.0003133716906899536,6397.0,32.0,I,6.194836257833088,0.1795856556895029,1.0
2076487602386274304,NGC6819,295.22082480994,40.21170447068,15.985651999999998,0.0005577916534779285,6352.0,32.0,I,2.0460782069893164,0.05833002037008355,1.0
2076487632439087616,NGC6819,295.27490951455,40.19506042695,15.035484,0.00035134883727544177,6442.0,32.0,I,4.904452020805771,0.14471877652342324,1.0
2076487666798844288,NGC6819,295.27435171071,40.20839591655,15.104337,0.00035963029997244857,6401.0,32.0,I,4.604761833868358,0.13369788138397698,1.0
2076487739825266304,NGC6819,295.26447900889997,40.214993273409995,14.9143,0.00029102458695516977,6446.0,32.0,I,5.483412672279483,0.1620606509636804,1.0
2076487774185027328,NGC6819,295.28908028466,40.219501326599996,14.755771,0.0003273221941028775,6324.0,32.0,I,6.353886790946027,0.17930943326518767,1.0
2076487808544774400,NGC6819,295.30174380968,40.21713047411,14.207362,0.0002471576298395537,6247.0,32.0,I,10.542974861266638,0.28996991574572345,1.0
2076487808544774784,NGC6819,295.29540661804003,40.224425785390004,15.336165,0.00048707712672361526,6446.0,32.0,I,3.7179602825669984,0.10989136352401536,1.0
2076487877264253696,NGC6819,295.28545189297,40.237882346270005,15.396844,0.00039432047706649924,6484.0,32.0,I,3.5149971645262497,0.10552516015881694,1.0
2076487877264266752,NGC6819,295.29894638504,40.23874343359,15.074953,0.0003310073031484837,6418.0,32.0,I,4.730319807471509,0.13825398039306455,1.0
2076487907317010304,NGC6819,295.24539535767,40.20497535652,15.763873,0.0005272955758637918,6385.0,32.0,I,2.508793561159299,0.07240319783704709,1.0
2076488014703175296,NGC6819,295.24468361319,40.23817432693,15.04904,0.0003501416274039332,6434.0,32.0,I,4.843908989329005,0.14247465545409713,1.0
2076488216554641536,NGC6819,295.19562594806,40.19904951191,15.938705,0.0005656746977229406,6393.0,32.0,I,2.1354778453460708,0.06181869048756278,0.8
2076488250914398976,NGC6819,295.16931428357015,40.21267385336,15.592251,0.0004553157775793768,6455.0,32.0,I,2.9365810713614318,0.08711247663987941,1.0
2076488255221252224,NGC6819,295.16275745354,40.20250242118,15.07704,0.0003430811777615828,6580.0,32.0,I,4.717499419680171,0.14768836675060934,1.0
2076488255221261696,NGC6819,295.17470045602,40.204448032159995,15.741595000000002,0.0004980458072859668,6332.0,32.0,I,2.562480220124709,0.07252481083578928,1.0
2076488358300516352,NGC6819,295.20655843499003,40.22473409855,15.565885,0.0004608619799754963,6434.0,32.0,I,3.00924865400967,0.08851539955788035,1.0
2076488358300516864,NGC6819,295.2138723950701,40.21713973313,15.889771,0.0005902507734773303,6463.0,32.0,I,2.2325945421827385,0.06645058337647886,1.0
2076488633178423424,NGC6819,295.18464100891015,40.24941997017,15.118139,0.00036162355463390075,6446.0,32.0,I,4.544804544656456,0.134323368699204,1.0
2076488667538145792,NGC6819,295.16827443023,40.24552277831,15.118975,0.00048710395839710784,6521.0,32.0,I,4.5393913442664005,0.1384479492042742,1.0
2076488736257663872,NGC6819,295.22816113377996,40.23480525788,14.956046,0.0003641061187937439,6438.0,32.0,I,5.276906974576027,0.1554597974309864,1.0
2076488736257664128,NGC6819,295.2231577824,40.241067266390004,15.023889000000002,0.0003782632081450322,6463.0,32.0,I,4.956361880405726,0.14750585235466934,1.0
2076488770617429632,NGC6819,295.23761349636004,40.260634950349996,15.280421,0.0004160653553483655,6534.0,32.0,I,3.91200668333621,0.11998656383589296,1.0
2076488770617529088,NGC6819,295.23243689479,40.259361672909996,14.993518,0.00033806040694881275,6563.0,32.0,I,5.094838368519124,0.15828181578010692,1.0
2076488908056482176,NGC6819,295.26089851367,40.275511405909995,16.278725,0.0007728455736006326,6295.0,32.0,I,1.5633276136261411,0.0436896655502594,1.0
2076488976775894656,NGC6819,295.2547153517,40.28879177063,15.707501,0.0005001593090685338,6496.0,32.0,I,2.640185211968567,0.0796670702803777,1.0
2076489178627442688,NGC6819,295.23362179071,40.29983771572,15.393479,0.0004955538227986432,6584.0,32.0,I,3.524800583018092,0.1105564061001523,1.0
2076489251653796736,NGC6819,295.22932339032,40.31262138182,15.885371,0.0005975724949606332,6455.0,32.0,I,2.2417843933033352,0.06650641813414951,1.0
2076489870128912384,NGC6819,295.10320624474997,40.202258462399996,16.059635,0.0005777360673909909,6307.0,32.0,I,1.9125095017449047,0.0536598113533132,1.0
2076490282445801216,NGC6819,295.10558836223,40.24311697613,14.708992000000002,0.0003164128226618752,6393.0,32.0,I,6.627968658974184,0.1918478077809093,1.0
2076491656835398016,NGC6819,295.16414479092015,40.271313451679994,15.236471,0.0004210443397671119,6576.0,32.0,I,4.073249853747437,0.12729117354934055,1.0
2076491794274328064,NGC6819,295.13019075262,40.27804671869001,16.106653,0.0006257003497598604,6251.0,32.0,I,1.8332158864721209,0.05049311001510155,1.0
2076581675049058176,NGC6819,295.31439781532004,40.25334597226,14.7991295,0.0002930810872621297,6340.0,32.0,I,6.103786955313767,0.17323308054246633,1.0
2076581679348332544,NGC6819,295.32426418569,40.25318823753,14.820484,0.00030638732862459214,6231.0,32.0,I,5.995860894452293,0.16409354137480933,1.0
2076581713708057088,NGC6819,295.30563399422,40.25184387598,14.901997,0.0003780121847686755,6247.0,32.0,I,5.5604430358133605,0.15293929627273198,1.0
2076581713708061696,NGC6819,295.31145393405,40.25287866121,15.051495999999998,0.0003566348025447572,6405.0,32.0,I,4.8342213300058585,0.14057724083162584,1.0
2076581748067801088,NGC6819,295.30793515049,40.25838854971,15.461168,0.00041015922723049446,6467.0,32.0,I,3.3131395198163367,0.09876564498072933,1.0
2076581782427561088,NGC6819,295.32978651538997,40.27065398782,16.12892,0.0005673166139847398,6320.0,32.0,I,1.7939283245623905,0.05056014666386873,1.0
2076581782427562368,NGC6819,295.33152705174,40.271120371079995,15.053123,0.00034517749403198004,6307.0,32.0,I,4.832905205381172,0.1355824843324166,1.0
2076581816787307392,NGC6819,295.34626457083,40.26689988604,15.180189000000002,0.00032655510680265897,6434.0,32.0,I,4.29275653397097,0.12626253372742255,1.0
2076581885506792704,NGC6819,295.33819837631,40.28978258875,15.239535,0.00045437558383219404,6551.0,32.0,I,4.061944071215112,0.12552416771433686,1.0
2076582263463926656,NGC6819,295.35131457358,40.29669632174,15.108934,0.0003833182546450384,6430.0,32.0,I,4.5840838143340195,0.13461928085672184,1.0
2076582435262665088,NGC6819,295.3821508097,40.34566861542,16.113108,0.0006545342496721817,6324.0,32.0,I,1.8201394947558216,0.05137391199557794,1.0
2076582607061335424,NGC6819,295.35405954157994,40.33908678302,14.279844,0.0002621782569885519,6140.0,32.0,I,9.886315799961734,0.2637289040795915,1.0
2076582641421089408,NGC6819,295.37053478401003,40.34994150109,15.204985,0.0004018281798171364,6610.0,32.0,I,4.1930580123195735,0.13309689860445106,1.0
2076582641421093120,NGC6819,295.37309128926,40.35152439034,15.644764000000002,0.0004505315357142576,6492.0,32.0,I,2.7972947212904367,0.08426342335419637,1.0
2076582847579431168,NGC6819,295.27010479288,40.30579799822,15.154184,0.00038819573936923167,6517.0,32.0,I,4.3946111781468105,0.13379557963044528,1.0
2076582985018415872,NGC6819,295.29176152976004,40.33402727118,16.289618,0.0006273085238854749,6144.0,32.0,I,1.5526692219441949,0.04146968247571599,1.0
2076583049434694016,NGC6819,295.2574191127,40.32664175953,15.142714000000002,0.00040136503414042415,6475.0,32.0,I,4.4422181815523984,0.13286239733886454,1.0
2076583328615829888,NGC6819,295.32647634517997,40.35044546565,16.155115,0.0006945009847898147,6287.0,32.0,I,1.7520672350615392,0.04882960481069965,1.0
2076583844011947776,NGC6819,295.40558676361,40.33981140391,16.16726,0.0005940127662716256,6191.0,32.0,I,1.7358711406168086,0.046955726351360236,0.9
2076583912731424000,NGC6819,295.3899624670201,40.35650358686,16.015446,0.0005076255550735717,6348.0,32.0,I,1.9907973006631785,0.05666993578067921,1.0
2076586386632465152,NGC6819,295.18944353862,40.36749151382,14.776065,0.00031566963259499345,6336.0,32.0,I,6.2351763453415625,0.17670972492101786,1.0
4087736159069458304,Ruprecht147,289.15303981456003,-17.21960036466,12.090657,0.0002185360642138175,5994.0,68.0,J,1.2707589946437965,0.03286122572426738,1.0
4087838959097352064,Ruprecht147,289.24754047237,-16.59097749323,12.419425,0.00048745958012219836,5767.0,62.0,J,0.9495974823090568,0.02428098258456903,1.0
4087853875535923200,Ruprecht147,288.92787610477,-16.55153156199,11.3873415,0.0005263020248303992,6273.0,80.0,J,2.4101640530125885,0.06664034793272287,1.0
4087860506965490560,Ruprecht147,288.93797658902,-16.38782669901,11.645209,0.00028715286650778186,6178.0,74.0,J,1.9043756302266583,0.05117768602386828,1.0
4088004611707768320,Ruprecht147,288.43059653787014,-16.81984817895,12.275851,0.0002263033815807561,5825.0,61.0,J,1.0800945982460917,0.027560859137851317,1.0
4088057521393630848,Ruprecht147,288.61734463576,-16.33409926001001,12.177399,0.00022486863851534658,5932.0,62.0,J,1.1762369188474515,0.030169494706273062,1.0
4183936795070404352,Ruprecht147,289.04665801967,-16.36358497908,12.736021,0.0002793940683352364,5602.0,50.0,J,0.7181729911127316,0.018622136243080192,1.0
4184135394358918656,Ruprecht147,289.1968944254,-16.06935678789,12.35298,0.00017975477336167067,5825.0,66.0,J,1.0060288378397535,0.025710405627515885,1.0
4184136558285344000,Ruprecht147,289.26189346947,-16.08806274708,12.596752,0.000423530425926731,5649.0,53.0,J,0.8132990954959317,0.020961492565766102,1.0
4184146900561610880,Ruprecht147,288.83923281552,-16.00308281284,12.7661915,0.00026721870251017704,5612.0,49.0,J,0.6978950369669132,0.0180547347444092,1.0
4184245586042699008,Ruprecht147,289.03660735192,-15.40789816205,11.413677,0.00043754674933470803,6279.0,80.0,J,2.3521615471520776,0.06515993254182602,1.0
342474443007226240,NGC752,29.057122889820004,37.26577542226,12.77597,0.0004627034162031369,5982.0,150.0,K,1.2320966445647417,0.03205003597347112,1.0
342535706420556544,NGC752,29.012273145949997,37.60902502008,14.06381,0.0008367897903287131,5124.0,72.5,L,0.4099141780550001,0.013062265543365651,1.0
342537213952679936,NGC752,28.997691635709995,37.68012189432,12.166949,0.0003612864077033501,6312.0,89.0,L,2.1400718882162537,0.059231392899225625,1.0
342843329158458624,NGC752,29.544358886199998,37.4015769478,13.3644905,0.0006161280189600972,5728.0,72.5,L,0.7263216407071699,0.018452833453456958,1.0
342844321294719232,NGC752,29.4926626059,37.43508003281,12.5040245,0.00031804559712962497,6220.0,72.5,L,1.5715115045759616,0.04218528312561963,1.0
342844600468774272,NGC752,29.46667522836,37.46272775877,12.492546,0.000292372447268144,6169.0,27.0,L,1.5900611807494278,0.041982015485555566,1.0
342844806627202560,NGC752,29.538566980840002,37.47646654769,13.403784,0.00034387439151341715,5593.0,72.5,L,0.707887503687986,0.01841817990168481,1.0
342851128819053696,NGC752,29.56385708323,37.55539319354,13.093517,0.0005519030453920183,5764.0,72.5,L,0.9300072359393408,0.0235467291706136,1.0
342851674278775680,NGC752,29.615021068590003,37.58947460143,11.812706,0.0003168956316277413,6446.0,29.0,L,2.9612293379121515,0.08624153028542225,1.0
342908333487342592,NGC752,29.09626864093,37.634140898409996,12.670592,0.00031422375174893684,6102.0,72.5,L,1.3520247237573346,0.03518006922231347,1.0
342911292720927104,NGC752,29.094054981009997,37.654953144450005,14.004989000000002,0.000576166560767126,5186.0,72.5,L,0.42805444985137214,0.013165146470595234,1.0
342912284857245952,NGC752,29.15366365155,37.75349744471,13.649103,0.0007158526874651317,5415.0,72.5,L,0.5751004187092159,0.015850888274948176,1.0
342922665794266624,NGC752,29.33094773125,37.98981429815,11.969494,0.000232207777631166,6422.0,72.5,L,2.563552395807911,0.0739398501222649,1.0
342923761009838976,NGC752,29.29372643113,38.03510342611,12.221546,0.0002585732011059642,6405.0,139.0,L,2.032777314534735,0.05828108808242005,1.0
342924448204603008,NGC752,29.35004569758,38.102852607790005,12.525718,0.00032524883656677775,6208.0,67.0,L,1.5408201728626223,0.041203230235649035,0.9
342925792530368256,NGC752,28.973036353729995,37.82401789321,13.672111,0.0004935030614507436,5517.0,72.5,L,0.5568290681261462,0.014798171038183091,1.0
342929709540532480,NGC752,28.936473774120003,37.91183374634,13.666807,0.0008446803929151402,5537.0,72.5,L,0.5584585302417706,0.014755937068980837,1.0
342943797033352192,NGC752,29.51158687618,38.04174140719,12.742944,0.00034179016142424254,6102.0,150.0,K,1.2648646380076711,0.03328050846396772,0.8
342945789898166272,NGC752,29.5767618779,38.114971756109995,12.445225,0.0002364148956998426,6216.0,143.0,L,1.6591063020720327,0.04469455227945402,1.0
342948023281158528,NGC752,29.41157917993,38.14172179947,12.723693,0.0003676692591800957,6071.0,66.0,L,1.2887280828975265,0.033290688403258814,1.0
342948603100672896,NGC752,29.43522463378,38.18517939877,12.634541,0.00030915587989986817,6177.0,71.0,L,1.3948629600355007,0.03697811148930567,1.0
342949500750043008,NGC752,29.55581373507,38.19480351295,12.813105,0.0003728179548206858,6157.0,165.0,L,1.1839162231894642,0.03154015050200197,1.0
342964137998442368,NGC752,29.261692510309995,38.23425562365,12.311335,0.0002485767867394612,6381.0,72.5,L,1.8719010444791897,0.05312386673835929,1.0
573549009293487360,NGC188,9.938470179380001,84.83326336971,14.877585,0.0003345384929501095,5743.24072265625,91.46673583984376,C,3.624922233580637,0.1000775671937752,1.0
573782621152860416,NGC188,15.398620295179999,85.37372584821999,14.372907,0.0002538798182105033,4974.4404296875,91.46673583984376,C,6.399394161016638,0.24665358959121905,1.0
573932670130981632,NGC188,11.43724336,85.07172830458,14.544093,0.0002852815830475809,5029.8525390625,91.46673583984376,C,5.4006125714258815,0.20058148377601004,1.0
573935075312637696,NGC188,11.35555039073,85.17723985984999,14.699844,0.000329215369405348,5100.0,200.0,M,4.613980177288231,0.225960352388846,0.8
573937995890405376,NGC188,12.396950798819999,85.17959900126,14.53869,0.0003592842280274268,5000.0,200.0,M,5.46221447625038,0.2957889694954764,1.0
573947066861284480,NGC188,8.68779836266,85.20164316076,14.900753,0.0003214040773224999,5255.0908203125,91.46673583984376,C,3.734757622711101,0.1213259899901824,1.0
573954282406302976,NGC188,9.86718665585,85.3051974085,14.683341,0.0002916448736161315,5000.0,200.0,M,4.7808837501992425,0.2588920076561816,1.0
573969606849564928,NGC188,11.877590202739999,85.48241201745,14.925639000000002,0.00035319058059519114,5355.6513671875,91.46673583984376,C,3.5989509921355785,0.11127276701521682,1.0
573998400310344576,NGC188,6.82908838751,85.30379711115,14.92231,0.0003256550616940076,5144.26611328125,91.46673583984376,C,3.728690662752338,0.12891030012894272,1.0
