ID,g_mag,g_mag_err,rp_mag,rp_mag_err,bp_mag,bp_mag_err,A_G,gaia_lum,gaia_lum_err,distance,distance_err,ra,dec,mem_prob,Bp_Rp,Bp_Rp_err,value
598678141384872704,14.216938,0.00020538574137817328,13.729351,0.0008201777400820938,14.546235,0.0012841136234873708,0.149,1.2911005,0.08652699,895.432688209991,24.91908253217889,133.10396985131,11.17417090783,0.987,0.81688404,0.0015236926603984268,-3.1536226
598687865190906496,14.027311,0.0002060987482654798,13.553535,0.0008820760440233674,14.345044,0.0014835029389884213,0.217,1.4101156,0.09207451,861.349992287955,23.472252112706997,132.661100606,11.2035660246,0.983,0.7915087,0.0017259313768012902,-3.0591536
598689926775182208,15.439061,0.0003539483964726607,14.820631,0.0014908428129068241,15.905857,0.002502443717797041,0.1602,0.42024273,0.038167775,856.055254705317,35.726258120742955,132.81992786905,11.18998402405,0.993,1.085226,0.0029128743284834325,-3.369463
598691885280238464,15.112228,0.00033927053707304996,14.540344,0.0013735952129564782,15.531276,0.0027826925785598795,0.0897,0.5510206,0.048180044,864.238229892896,34.32865996530802,132.94069468483,11.2559813345,0.996,0.9909315,0.0031032469762861583,-3.3962355
598692675554477056,14.430771,0.000243994937643965,13.921687,0.0012527536903511214,14.783209,0.0017278108724597518,0.1277,0.9653352,0.067303956,853.822720477201,25.467067779544095,132.95147706871,11.30215877407,0.994,0.8615217,0.0021341795190842035,-3.2000647
598694153022998144,14.561328,0.0002573848769690555,13.963492,0.0014704254781168445,15.010183,0.0018245802507738354,,0.96350795,0.076226234,869.725558963104,30.394680419974975,132.79443836813,11.2667649622,0.999,1.046691,0.0023433403888912644,-2.6362371
598694939001774976,13.923045,0.00021545441243495824,13.453791,0.000976202798815381,14.236671,0.0013808415333447085,0.1232,1.4683775,0.08676207,842.057937386399,20.197988843647067,132.80129963353,11.31075458201,0.996,0.7828808,0.0016910633473127934,-2.9872417
598695763635752448,15.423194,0.0005123499587200529,14.809306,0.0020205931328320854,15.883904,0.0026580789362549125,0.147,0.41173154,0.035226762,839.903517178943,32.702237772454964,132.95089881203,11.33274849369,0.999,1.0745983,0.003338889072702211,-3.3934498
598853788367658624,15.529973,0.00040661776018794966,14.899407,0.002034709820985385,16.011744,0.002517655846280435,0.216,0.44373953,0.04515341,908.936284514961,43.01454696940493,132.33717534865,11.16322507592,0.952,1.1123362,0.00323707198188802,-3.3587122
598879798689514112,15.559731,0.0003628927567254849,14.938484,0.0015062755973624556,16.029871,0.0018969007945156006,0.025,0.39636716,0.036069334,878.283207565216,36.517214780941,132.54825499802,11.27111032394,0.995,1.0913868,0.002422209487109556,-3.4670296
598881340582600576,15.571468,0.0004067450004723236,14.947827,0.0019253125942560784,16.044254,0.0020903595677567565,0.033,0.38628832,0.03860107,869.103597243622,40.627831421873,132.49688637372,11.35795377615,0.993,1.096427,0.0028419063510455944,-3.4598675
598883337742544128,14.997607,0.0003271923132030578,14.413895,0.0010747505687495776,15.417335,0.001937743722134782,0.24,0.65514183,0.049393952,894.247441688897,29.118499035086074,132.69272249476,11.3398328419,0.997,1.0034399,0.002215838332934129,-3.2347078
598884295519951616,15.3216305,0.00043350773760064275,14.726689,0.001436356594333439,15.770315,0.002181913140315562,0.2158,0.5397407,0.051929712,922.843980699776,40.616591125799005,132.80750951592,11.3638553861,0.993,1.0436258,0.0026122529008438043,-3.4080334
598885880363159296,15.022562,0.00029390696086239955,14.453488,0.0016606912538677182,15.439071,0.0021423235459198018,0.177,0.53715634,0.036961615,821.655068618762,24.387691778389012,132.82178577034,11.43187557577,0.999,0.98558235,0.002710617202054751,-3.3266277
598889419416217600,15.741884,0.0004538233603423321,15.080748,0.0020740720638035225,16.260296,0.003718910014323476,0.2018,0.32332557,0.031042159,855.10439324418,38.208663349066,132.73418094764,11.47544367187,0.996,1.1795483,0.004258176443089887,-3.3185787
598889900452561024,15.381919,0.00036550457431399236,14.772218,0.0012797881103080565,15.847255,0.002352901899266818,0.161,0.42167717,0.03432572,839.334429324668,30.712826324300977,132.68177626425,11.49240038228,1.0,1.075037,0.002678433302298055,-3.3505306
598890381488889088,14.011778,0.0002441645954997484,13.535081,0.0010724961158063249,14.332244,0.0011598912813369855,0.248,1.409098,0.08887112,853.322796147751,22.264075503327035,132.73002027228,11.52070434613,1.0,0.797163,0.0015797454551101605,-3.022417
598899796057231616,14.848789,0.00028998327887292676,14.299305,0.0012014688683929286,15.244808,0.001568770748754075,0.084,0.564252,0.040634036,779.425521270917,24.917074426525005,132.55198795705,11.45456531918,0.99,0.94550323,0.001975998255025496,-3.303152
598900551971467648,15.3962145,0.00038360772553753934,14.78663,0.0016036018681439025,15.862938,0.0018752204786878159,0.2665,0.50252914,0.046999574,922.947124645566,40.15577394571608,132.58565655936,11.49674939479,0.998,1.0763083,0.0024673854168339357,-3.3600588
598901754562312448,14.061209,0.00021548557042891912,13.595998,0.0006606117536590242,14.3692465,0.0011124180870448384,0.1735,1.4480898,0.09830153,882.211305189411,25.114171508946015,132.5375323317,11.55722179282,0.998,0.7732487,0.0012937858746550563,-3.1615257
598901788922041728,15.399152,0.00038832626834942486,14.786166,0.0025771782294248704,15.865938,0.0018883303478407342,0.158,0.42606387,0.035593063,853.044770500876,32.111388728832026,132.632665411,11.50209389643,0.999,1.079772,0.003194939612699717,-3.350007
598904842643466240,15.072383,0.00032138798224850824,14.505874,0.0010501145493233902,15.488958,0.0019780810869865395,0.139,0.64734054,0.058371663,919.619721098087,37.36069829730502,132.48749158365,11.5650738888,0.998,0.9830847,0.002239541326565446,-3.3858156
598906633645151744,15.719631,0.00044915651936662553,15.07779,0.001705547485673824,16.22179,0.0026859266217789945,,0.3584551,0.035182953,891.579463841653,40.547032968449,132.55535666156,11.62251928914,1.0,1.144,0.0031816810090688576,-3.4296312
598906771084100224,14.868279,0.0003058518741500669,14.317623,0.0012451045628424924,15.266803,0.0018611846979261575,0.059,0.65864515,0.047230303,848.392501728028,26.308819833890993,132.59579082758,11.62168637231,1.0,0.94917965,0.0022392618989760167,-3.308856
598907836235995008,14.344937,0.000232089891275423,13.849561,0.0009090108683564616,14.682273,0.0012058258006732742,0.1563,1.0292207,0.0644086,848.397123191368,21.949824861407023,132.53993764695,11.64497594829,0.999,0.8327122,0.0015100717268923059,-3.2222672
598950545390717696,14.995816,0.0002754950796468427,14.435239,0.0010368781027036047,15.402132,0.0017441325765573629,0.118,0.5969405,0.050109148,854.883632886781,32.35886668786998,132.16483821792,11.61487338384,0.991,0.9668932,0.002029067432214822,-3.3699665
598953088011334400,15.547459,0.00041273422044584213,14.922095,0.0016566296340284295,16.024433,0.003974679643077839,0.016,0.37608278,0.036546886,843.614671244426,38.36560883211405,132.43918651539,11.64676283848,0.999,1.1023378,0.004306100325054974,-3.4136915
598954118803488384,15.229555,0.00035847029747029704,14.5986,0.0017482154232356137,15.707457,0.002711399419561196,0.2843,0.4954436,0.042529136,830.692204104029,32.56483629421507,132.37018215696,11.66892792315,0.997,1.1088562,0.0032261345257809174,-3.0713444
598955042221499648,15.325155,0.0003351471942590777,14.7121525,0.0012055747727455577,15.7908,0.0018698575146133582,0.3055,0.54484427,0.05039382,932.233166016365,38.96086354539,132.4370543149,11.69893113363,0.992,1.0786476,0.002224809577837292,-3.2802267
598955149595631872,14.034753,0.00019661216252076817,13.557188,0.0007197827473867836,14.357996,0.0011412283111897526,0.0663,1.3493309,0.07760918,842.922451729567,19.47099295670705,132.50346598547,11.70271873728,1.0,0.80080795,0.0013492550765873297,-3.031723
598956420905951360,15.650559,0.0004115996749667042,15.0145855,0.0016937526930316934,16.146873,0.0019768884484668865,0.1917,0.3179423,0.025230616,817.466737283131,29.170453916828023,132.46916387362,11.75978191251,0.997,1.132288,0.00260324530592757,-3.40448
598957176820208768,15.378449,0.0003294585184844931,14.786202,0.0012477078105063136,15.824416,0.0018928795498453356,0.1335,0.49094412,0.04585269,904.299049828062,38.553950413894995,132.27052618647,11.69641073476,0.996,1.0382137,0.0022671055931784783,-3.4851475
598957790999876736,14.053956,0.00020365720945005245,13.578912,0.0008100623846189792,14.373914,0.0010061581179642027,0.113,1.459876,0.09862709,886.006895952393,25.02179830961495,132.31311841035,11.73743250744,0.999,0.795002,0.0012917256772704696,-3.0726986
598959371548059904,15.625475,0.00042558802068925783,14.991363,0.001983030881424449,16.117968,0.0022169277055915067,0.1167,0.3994685,0.040886402,902.232414306194,43.07066829499206,132.35514165481,11.76547509178,1.0,1.126605,0.0029744209400322354,-3.4007063
598959822520052480,14.202843,0.00021890918330594924,13.71932,0.000753016029945004,14.53016,0.0011969303034030925,0.1215,1.3284395,0.08016026,902.419159616508,21.668996331258086,132.3947971816,11.78807410441,0.999,0.81083965,0.0014140987562963041,-3.1621943
598960436699728256,14.52298,0.00046112791003089236,13.929783,0.0016935390475919252,14.967144,0.002412386637435287,0.613,1.0323493,0.07939243,884.058794814816,29.644947599231045,132.29014712488,11.80740497564,0.999,1.0373611,0.002947487708913287,-2.6328754
598962055903080448,14.811827,0.0002585229133732958,14.270722,0.0009052523698040887,15.195476,0.002186746069218391,0.1062,0.7790734,0.0607723,899.203034871532,30.555339279526947,132.01766827721,11.64540674401,0.951,0.9247532,0.0023667150703618723,-3.3440018
598977341691260160,15.70557,0.0004145738419893708,15.060659,0.001967067763420132,16.213572,0.0025881504836801268,,0.35656554,0.037579715,884.800403128282,43.945437221264,132.25685396513,11.963155618,0.997,1.1529121,0.0032508273580829166,-3.3821497
604642717087722112,15.467014,0.0003088777619594109,14.81386,0.0013522622541578904,15.97169,0.0018954127133975643,0.42,0.45662192,0.04693201,891.913183219136,42.899084197555,133.52212912726,11.35084978305,0.991,1.1578302,0.0023283476025132708,-3.1251507
604647802329113600,13.953964,0.00021828134891907063,13.465978,0.0009404174715582406,14.283715,0.0013206772022553493,0.2545,1.4920657,0.11966765,853.778428883378,30.518324401692098,134.02895138761,11.32557715613,0.942,0.8177376,0.001621287541853391,-2.8874483
604664909183072000,13.929697,0.00018414012706110115,13.455267,0.0008977474891299408,14.249755,0.0008592065879768647,0.1905,1.5059332,0.09298706,850.381046298363,21.584207717226946,133.86440393986,11.43490745571,0.954,0.79448795,0.0012426530147478655,-2.950367
604680134842856704,15.515008,0.00042515296825818976,14.88632,0.001609308436182921,15.990676,0.002576465724440321,0.2505,0.44098714,0.041295856,897.569162442056,38.46162597209798,133.20338950788,11.19833788305,0.997,1.1043558,0.003037770444254356,-3.3736734
604687006790508672,14.179152,0.00022533784091288635,13.685727,0.001224344187454313,14.5167,0.0015295504421899608,,1.1308081,0.07365954,824.745759313097,22.744804049392997,133.26522870021,11.37244598604,0.997,0.8309727,0.001959220060268031,-3.0630035
604687006790509568,14.169391,0.00021539583552182675,13.684729,0.0009902885252664746,14.497519,0.0011206318038363328,0.104,1.3416206,0.09444809,893.2516990132,26.579190748258043,133.26673001983,11.36253019698,0.999,0.8127899,0.001495488884293,-3.1214285
604696043401669888,15.371805,0.00033686245136384837,14.753526,0.0013308236030699677,15.841361,0.0021703167656407195,0.285,0.46937266,0.05382979,874.464346628864,48.982119404867035,133.40145818461,11.53563658777,0.999,1.0878353,0.002545852769841439,-3.2924232
604698306849407232,14.932117,0.00028891842569844144,14.383524,0.0012057276232675664,15.323258,0.0018415345949328616,0.0197,0.6482471,0.05590105,875.777132005928,34.072832810563,133.07879246822,11.39710540914,0.902,0.93973446,0.002201142604613566,-3.4081135
604703499464932736,14.313306,0.0002469185963470501,13.81554,0.0010118277345210782,14.654982,0.0018001277278703318,0.2313,1.1745474,0.095089436,891.58310709727,31.86209104862496,133.12810187246,11.48490104886,0.999,0.8394413,0.002065007312576316,-3.1654015
604711299125433472,15.037209,0.0003183863705515592,14.474322,0.001438397408384978,15.4387045,0.0019474036663123253,0.0813,0.6039899,0.053536713,876.460233647653,35.28506743461003,133.18112065004,11.61050594794,1.0,0.9643822,0.002421026258431599,-3.4207754
604711539643602816,14.841743,0.00028292049804808144,14.283127,0.0013853048412858881,15.241959,0.0015556077738369744,0.059,0.6456141,0.04639542,828.992161798486,25.96297625203499,133.14979364256,11.62353292075,0.999,0.9588318,0.002083023055396206,-3.2461243
604713463788946432,14.867804,0.00028888271662456407,14.303835,0.0016283279752579466,15.268503,0.00187089238075252,0.2145,0.72514385,0.067771256,887.116712042556,38.02727421715008,133.25088214615,11.68123388449,0.999,0.9646683,0.0024802601265523495,-3.2502975
604719133145837824,15.035129,0.0002589360964244022,14.455121,0.0013239333561953003,15.456969,0.002167140505888919,,0.6258515,0.055251718,888.18906526531,35.456640590855045,133.53094584669,11.57277048979,0.998,1.0018482,0.0025395467122915913,-3.2781982
604730781097113216,15.44492,0.00037257764620817125,14.819209,0.0015803894821277479,15.922725,0.0022021008214108055,0.3183,0.47364423,0.04780814,900.716712452732,42.28501052750198,133.71805872262,11.82076623925,0.975,1.1035156,0.0027105126715952013,-3.306736
604736072496791168,14.514075,0.00024206489498770562,13.996136,0.0010265424182274894,14.876373,0.0017699626852412625,0.153,0.8382767,0.064909756,825.894463542193,28.49302676386901,133.30117839153,11.67456346683,1.0,0.8802376,0.002046107827942311,-3.2131844
604739852068005888,15.326262,0.00030917900884617664,14.70872,0.001314101617082648,15.794424,0.001759763987052887,0.203,0.45232046,0.03662035,844.673085201164,30.643702309037053,133.4368446912,11.83543877809,1.0,1.0857038,0.0021962769292936408,-3.2548733
604740779780986240,15.536055,0.00039028591908110406,14.902291,0.0012604519119752548,16.019352,0.0020221465651801833,0.025,0.39783934,0.038640827,864.069202759476,39.06424154230501,133.64813065495,11.77838788738,0.994,1.1170607,0.0023828167687575327,-3.3470774
604743562919743872,15.221983,0.000324979952633995,14.608597,0.0013011870397660694,15.680654,0.0017086783708117484,0.1512,0.40035504,0.031933635,765.405156735879,27.936671958375996,133.62377457608,11.85690214333,0.991,1.0720568,0.0021477126174921724,-3.2017698
604745487065095680,14.814082,0.0002492192653605178,14.260112,0.000987511675639165,15.212567,0.0014252579950279874,0.1133,0.73897123,0.055796444,876.188437307536,28.767044658903046,133.51022240803,11.87585528525,0.999,0.9524555,0.001733937617653781,-3.2423744
604843481039000704,15.636087,0.00040545386862949923,14.989383,0.0015027626566209865,16.14187,0.0024383991459917664,0.2443,0.31339276,0.03436905,803.79665186682,43.341244609129035,133.67386747929,12.08318966072,0.993,1.1524878,0.0028642775698783,-3.3142586
604850795367637248,14.414653,0.0002371762194323162,13.904372,0.0010693750714582263,14.76513,0.0012651888604979663,0.1475,0.9310364,0.07261795,833.061674403238,28.936198506415963,133.90861749121,12.16601548868,0.963,0.8607578,0.0016565825956421337,-3.1868114
604890038485174912,14.453944,0.00021272700995817267,13.944814,0.001058240207531707,14.806888,0.0012260224298668724,0.163,1.001702,0.0625304,878.690997639746,22.35593035113402,132.87532617581,11.45874941092,0.999,0.8620739,0.0016195688733034543,-3.2211666
604891584673389312,14.788919,0.00025303554536370486,14.23956,0.0012897198783784693,15.180867,0.0024385285386951195,0.0945,0.5512339,0.035916924,765.206011482756,21.626475229991,132.89836023693,11.5297634021,0.991,0.94130707,0.0027585863768813056,-3.259018
604892306227881856,15.591056,0.0004040486619020174,14.95173,0.0020449896262404467,16.079647,0.0016343378186831623,0.173,0.34527352,0.029760152,828.254554014631,32.65651745365801,132.95647971403,11.53263902748,1.0,1.1279173,0.0026178316746897764,-3.3613663
604893676321680128,13.902805,0.00018646560106957893,13.437174,0.0008685949024954109,14.211182,0.0009170774390076332,0.1547,1.6824844,0.10105348,885.439877455009,21.291027688744066,132.98015458244,11.59263929202,1.0,0.7740078,0.0012631263332611713,-3.0002766
604894913272261632,14.786615,0.00026653910266079766,14.242556,0.0010611717192035167,15.173361,0.0012883980272951972,0.1413,0.77220273,0.060735524,885.023788773543,30.541355689854072,132.86621974742,11.58257634888,1.0,0.9308052,0.0016691479546090283,-3.2960958
604895089366706304,13.874236,0.00018863614550475787,13.347472,0.0007445867387535708,14.245374,0.0009780862256375067,0.525,1.6424435,0.10460985,852.305819429451,22.544972857828952,132.84977065044,11.58065417105,1.0,0.89790154,0.0012292526495027382,-2.5071049
604895325589137920,15.630422,0.0004137726359268729,14.993007,0.0019342364587246917,16.115967,0.003434089142184136,0.199,0.38447452,0.04338771,887.627072081267,48.642182636288,132.76217088518,11.55705861418,0.999,1.1229601,0.003941349884839814,-3.419321
604895364244625920,14.639697,0.00025907840074694934,14.115131,0.0009366956873576218,15.0059,0.0021779478318028097,0.051,0.7480635,0.050444484,825.493012586855,23.825133049318993,132.78867529675,11.55916031859,0.999,0.890769,0.0023708343613101546,-3.2993135
604896051439390848,14.00477,0.00020547029025337794,13.535646,0.0008006629813314631,14.315928,0.0016230787089508212,0.1573,1.3689289,0.08329058,840.852822515782,21.00737166887302,132.77967337311,11.59684019425,0.936,0.780282,0.0018098192465337668,-3.0787125
604896051439391104,14.400474,0.00026959635246981054,13.896559,0.001568957324953259,14.747308,0.0020053913190921768,0.188,1.0581582,0.07351005,881.379593178331,25.885485551188026,132.77719235976,11.59969149938,1.0,0.850749,0.0025462170823036174,-3.210165
604896326317278464,14.508287,0.0002356473391740657,13.988515,0.0009389214993614104,14.869445,0.0017109530085582763,0.206,1.0339891,0.090411425,912.77679114277,35.74223714370805,132.89776438676,11.57558952567,1.0,0.88092995,0.0019516489898180195,-3.2047997
604896498115955968,13.996099,0.0001921235489054222,13.461495,0.0006207644687042423,14.375128,0.0008290497084931438,0.472,1.4701219,0.08949435,851.830247275108,21.646739338575003,132.92939774183,11.6080042229,0.998,0.9136324,0.001035698771244915,-2.5699778
604896566835439872,14.612548,0.0002448451729270147,14.011788,0.0012451979648388982,15.062375,0.0018855283412947312,0.4883,0.86638427,0.061094165,848.98828078793,25.750413437285033,132.90418478306,11.61433602898,1.0,1.0505867,0.0022595873732751725,-2.6728477
604897558972113024,14.761775,0.0002522383242607818,14.183533,0.001069232631976352,15.179458,0.001737466516962063,0.4143,0.77608234,0.058802605,874.558369732662,28.861043189209,132.86916530324,11.64208317582,1.0,0.99592495,0.00204010987911126,-3.0270567
604897631987337600,15.026713,0.0002757148435566769,14.454415,0.0015533191116029162,15.440954,0.001723185464674903,0.1287,0.58314574,0.047711432,855.704400613515,31.35116343884704,132.85501178119,11.63782005216,1.0,0.9865389,0.002319950087423808,-3.3271923
604897833850019328,14.382391,0.00021704144282509827,13.873856,0.0008963554440609259,14.731376,0.001049928476324189,0.154,0.9989418,0.06945652,849.786708980452,25.294462109663073,132.84940874288,11.64780894227,1.0,0.8575201,0.0013805081989956064,-3.1666908
604897838145767168,14.752693,0.00027898005113853244,14.203383,0.0012220310408341882,15.144323,0.0012061311319031683,0.1265,0.7185331,0.05439681,845.657963374043,28.158727589034015,132.84657483351,11.65412295844,1.0,0.9409399,0.0017170067478342382,-3.2241688
604898456621037824,14.383496,0.0002372863888400672,13.809819,0.0007875814621053202,14.805522,0.0012460886866742238,0.445,1.1277618,0.084527254,884.390352762947,28.676779336523964,132.88568539444,11.7014436115,1.0,0.99570274,0.0014741172187141176,-2.6496105
604899178175495168,15.501415,0.00034947722145789705,14.832987,0.0014130685959042886,16.02259,0.002538017133592647,0.5335,0.41790676,0.038344502,868.135623670678,36.56572121053205,133.1104258278,11.62758587807,0.999,1.1896038,0.002904874149966011,-3.0404015
604899315614438784,15.844326,0.0004359614269071757,15.1764145,0.0016620342430465039,16.362728,0.0033401921905483528,0.033,0.26998916,0.026840076,817.857817077173,38.46638253271806,133.1384936157,11.65586364189,0.999,1.1863136,0.0037308499962956654,-3.39565
604899826720145024,14.880321,0.00025511141509768174,14.32056,0.0010906422009255544,15.281335,0.0024026006922905066,0.063,0.63381714,0.04650694,835.911024151532,26.82775019595499,133.0392386043,11.64659076766,1.0,0.9607744,0.002638558412662975,-3.2774162
604900449485821568,14.086739,0.0002022189399807759,13.605922,0.000994652250664851,14.410345,0.0018882843172455777,0.087,1.3384076,0.08087945,859.461979428233,21.093007417520994,133.04743448239,11.67556751903,0.999,0.80442333,0.0021342330619002815,-3.0701513
604901957018617728,13.989511,0.00023709244101878315,13.501936,0.0027350284017651576,14.3000345,0.001040761594094805,0.2537,1.6076577,0.11388147,901.112562134207,26.953748740736955,133.12610476357,11.71400718983,1.0,0.79809856,0.002926356959464247,-2.9966412
604902923387005440,14.219932,0.0002354616887544994,13.724002,0.0009057905925227331,14.553308,0.001926219340047073,,1.2122289,0.077433825,868.226675979109,22.899532239478958,132.97975780954,11.66115572025,1.0,0.82930565,0.002128562318437979,-3.110035
604902923387005696,14.458455,0.00027552423405846307,13.935648,0.0009907379804245044,14.821986,0.0013444440408569023,0.2003,0.9900688,0.06545186,877.015439046123,24.14245045100097,132.98344010641,11.65381211774,1.0,0.88633823,0.0016700573417853836,-3.1346865
604902923387005824,14.027713,0.00021236654771723167,13.544259,0.0009681388381010961,14.3547125,0.0014050387200503793,0.2682,1.4147578,0.08497846,860.036192855597,20.926550157693896,132.98383501959,11.65114271213,1.0,0.8104534,0.001706290307855187,-2.988512
604902923387008000,14.363065,0.00021691755065305393,13.86142,0.0009657393595517389,14.707051,0.0016698953774930316,0.157,1.081975,0.07103002,876.177307011074,23.90144059460397,132.97448272674,11.65133726267,1.0,0.8456316,0.0019290420115591048,-3.191946
604903026466307840,13.884224,0.00021814505079593982,13.361546,0.0007205162924483198,14.253769,0.001296944277853187,0.4165,1.5950943,0.09267783,849.941852920164,19.844044931192002,132.97925945647,11.68064325478,1.0,0.89222336,0.0014836469214538875,-2.5383863
604903198264917504,14.429008,0.00025751108509780904,13.84093,0.0012578122340840777,14.862673,0.001292643430178553,0.7,1.0637578,0.07232237,870.683665544384,24.95140673844105,132.95736103093,11.66622954248,1.0,1.0217428,0.0018036126673416759,-2.5974722
604903370063591424,14.562347,0.0002619716068146748,14.036224,0.0010785335054404376,14.9350195,0.0016888720293888645,0.0615,0.77028215,0.048175156,801.786212922655,21.149068732036085,132.99584125915,11.69698884055,1.0,0.8987951,0.0020038770556123696,-3.191866
604903576222015616,15.085811,0.00031576307361336984,14.503351,0.001131119271485377,15.506638,0.00138672513066146,0.176,0.5308765,0.040257573,838.980038079004,28.060494985531022,133.01366567817,11.71126082475,1.0,1.0032864,0.001789535524747596,-3.3234863
604904057258372736,15.105302,0.0003064635814039554,14.530568,0.0013233733222643071,15.527098,0.002149257551332427,0.096,0.55469024,0.04417187,865.156156613086,30.534190465335087,132.94620537306,11.70826876527,1.0,0.9965296,0.0025240097012571745,-3.3683157
604904156041874560,13.89782,0.0002057299258034115,13.426961,0.0008875164729404478,14.211357,0.0011993241180886102,0.0605,1.5692605,0.091047764,855.902421466387,19.887141680013997,132.95189529747,11.70635052002,0.984,0.7843962,0.001491999943019327,-2.956335
604904263416796416,15.092486,0.00032569583081914593,14.511422,0.0015392947918500728,15.519709,0.0018204952587316285,0.036,0.49613255,0.038775265,814.104017684685,28.528511105961,132.9540268741,11.72773876334,1.0,1.0082865,0.0023840367957062023,-3.3114119
604904297776551680,13.99135,0.0001847778100612985,13.517313,0.0010101517454582142,14.304819,0.0011714971899675166,0.174,1.5257927,0.10196006,879.276359091318,24.53596448624296,132.91136288886,11.71037827366,1.0,0.7875061,0.001546871751294872,-3.0382023
604904641373911296,15.444747,0.0003429680890481515,14.835292,0.0013671908895671523,15.9063015,0.002845737134679039,0.158,0.42630655,0.03712991,870.291292552955,34.33917991584394,132.9703201649,11.73548283379,1.0,1.0710096,0.0031571238126191195,-3.428461
604904778812856064,15.189329,0.0003243075476378553,14.513622,0.0014149109717256953,15.713289,0.0021107076645694328,0.4585,0.3822617,0.038750708,719.728959387203,35.42343650384498,132.99107148556,11.7627553623,0.985,1.199667,0.002541074556793228,-2.6905785
604905534727082880,14.804375,0.000266894009567082,14.2557745,0.0014040034000126608,15.189824,0.0016152331070527577,0.0337,0.61432177,0.043928027,792.997439861632,25.001391055548083,133.06586854252,11.7755364175,1.0,0.9340496,0.002140141008757698,-3.3016891
604905633510610048,14.706937,0.0002710547839935426,14.169778,0.0008923307290810429,15.08577,0.001820961072909106,0.152,0.6998691,0.05938357,814.756689804628,31.629450930164012,133.06868559022,11.79393925186,1.0,0.9159918,0.0020278445105857074,-3.271968
604906148906681088,14.718059,0.00025818631366815843,14.152409,0.0011168361795008,15.123277,0.0012608821584170894,0.1385,0.6513069,0.050070763,787.735022989616,27.271049559817925,133.09254902607,11.81749079815,1.0,0.9708681,0.0016843832311135378,-3.077303
604906153202364544,14.495588,0.00023937951052287084,13.976213,0.0008739639977054041,14.857425,0.0010483492010481996,0.1578,0.91643125,0.06680179,856.978721820777,27.063019691084037,133.09454461853,11.81389487906,1.0,0.8812113,0.0013648623068367044,-3.1910458
604906221921860224,14.607944,0.00025608943071369174,14.054082,0.001485576765929186,15.000662,0.0014217215843238522,0.2255,0.8496145,0.0730958,858.780183226718,34.305878759491975,133.02123130817,11.77260876353,1.0,0.94657993,0.0020562661770308203,-3.0582685
604906256281593472,13.897225,0.00020541914788576847,13.431474,0.0009042163984937537,14.208192,0.0009172584796943511,0.1153,1.4486626,0.08836734,822.875459952024,20.79642689500497,133.04001538111,11.77949836102,1.0,0.77671814,0.001288010253793116,-2.9845324
604906428080283776,14.55384,0.0002691074094776481,14.02761,0.0010326490914250954,14.924366,0.0013841414716002018,0.1303,0.87219316,0.06796801,850.218525275978,29.333293303386995,133.03515754068,11.80290804027,1.0,0.8967562,0.001726908150257172,-3.1910038
604906565519358464,14.235974,0.00023154544775391852,13.743151,0.0009383041719982137,14.568902,0.0012314042328720812,0.0857,1.0939362,0.07751322,833.935741751805,26.897157615585,132.98572261677,11.79026593711,1.0,0.8257513,0.0015481508660090374,-3.1394072
604906599878983680,15.344032,0.0003679620797129343,14.731886,0.0017830306760125197,15.801504,0.00223482846925944,0.1563,0.43835267,0.042981803,840.493924787887,38.66854999488805,132.99492882969,11.80411165293,1.0,1.0696182,0.002858960768988297,-3.332964
604907252713995008,14.045501,0.000210672287784135,13.501502,0.0009734301740898227,14.436142,0.0016893446695152067,0.3595,1.238959,0.081281066,799.628411119017,22.489418325588986,133.05953580189,11.84775947387,1.0,0.93463993,0.0019497311907665594,-2.5406008
604908004332577152,14.322264,0.00027863986601598306,13.82225,0.0009572658037411907,14.663806,0.0015171623562004676,0.1503,1.0505854,0.07190013,848.219288755412,24.741075346260004,132.78338122233,11.64055521794,1.0,0.8415556,0.001793917343158269,-3.1664305
604908146067299712,13.993842,0.00022269013893466913,13.519428,0.0013649578516151633,14.31326,0.001556919768188022,0.164,1.3578446,0.085149646,831.983579852574,21.74002427570599,132.7354798109,11.63560403192,1.0,0.7938318,0.0020705335305810737,-3.0169725
604909142499704704,15.154915,0.0003745169215975143,14.5703945,0.001859824438066537,15.588706,0.0020399554636005993,0.244,0.5941411,0.051627576,901.020862995217,35.12752032807998,132.75279123605,11.67813838098,1.0,1.0183115,0.0027605009027173756,-3.3362465
604909589176298368,14.488975,0.00032486016696490875,13.96529,0.0014318399812334572,14.853059,0.0020896702847277076,0.508,1.4206892,0.30454612,1050.4650630539,119.51867163027009,132.794871298,11.66412809028,0.942,0.88776875,0.002533157640324148,-3.1598415
604909726615246080,14.342463,0.0002502129568004475,13.847139,0.0010221579652415643,14.6789875,0.0020424361205831003,0.0857,1.1016724,0.09532702,875.972644656676,34.22493664860292,132.80969741133,11.68588327889,1.0,0.83184814,0.002283933495653785,-3.223032
604909726615246336,14.626804,0.00027374024941154867,14.0987,0.0019385278543310911,14.995889,0.002056232157367956,0.2185,0.9767283,0.08556265,927.575250354372,36.245714869165,132.81596721319,11.67507809897,1.0,0.89718914,0.0028259477926903718,-3.2623453
604909756679296640,15.661114,0.0005432923075655935,15.012404,0.0027627129985335766,16.154888,0.0030494092857887615,0.1915,0.31811813,0.034354985,820.705793188824,43.30616243267002,132.82612201384,11.69155813735,0.99,1.1424837,0.004114787978076284,-3.3767996
604909898413942656,15.338019,0.0004787840585666205,14.673649,0.0017124237989020671,15.849192,0.0025581325769494785,0.5707,0.54141575,0.054616958,912.304081247466,42.67926953975996,132.77897595112,11.69694081805,1.0,1.1755428,0.0030783822940460737,-2.9297333
604910237715563904,15.253662,0.0003924650931715516,14.641673,0.0020286511437575105,15.705703,0.0027448464303174483,,0.5786842,0.0579592,923.392099411014,42.69973598392005,132.87040167024,11.71909707125,1.0,1.0640297,0.0034131521192433093,-3.2635508
604910340794780032,14.370521,0.0002573081471760667,13.839788,0.00135104324385887,14.737809,0.0013419297481505746,0.276,1.1062899,0.085786104,881.502905476251,29.903580836645006,132.82159776989,11.71017308562,1.0,0.89802074,0.001904230368350469,-3.002943
604910379450263168,14.346122,0.00027124237846089895,13.844469,0.0009016881711533711,14.687677,0.001179579010697908,0.1608,1.0466297,0.076542735,855.707198911847,27.835687919633074,132.84094685887,11.72158870411,1.0,0.8432083,0.0014847384283020921,-3.1840906
604910546953207680,14.020125,0.00022904134546857468,13.507092,0.0008496597729053399,14.370322,0.0011406251657815093,0.401,1.4933317,0.097596765,881.450021892901,23.847071080912997,132.84065264066,11.73473400325,1.0,0.86322975,0.0014223035887276842,-2.7830143
604910860486613632,13.88626,0.0003407551374602133,13.3666,0.001257854938025132,14.248279,0.0017453187132829356,0.4127,1.7491829,0.120468974,894.518817642671,25.834926952108958,132.77393729187,11.72970156107,1.0,0.8816786,0.0021513568871876676,-2.5799656
604911096708974080,14.437025,0.00025771457575979437,13.854821,0.0013734523771200804,14.862217,0.002737487601827274,0.5482,0.9075213,0.061376154,814.245910000668,23.695124583180018,132.7485099708,11.73556404369,1.0,1.0073957,0.00306271281748303,-2.6592913
604911135364520448,14.800416,0.00036951835765108984,14.253661,0.0013563117380586218,15.191097,0.0019071729330401076,,0.78824395,0.06719172,900.662663036676,34.274641292262004,132.75849241869,11.75529777744,1.0,0.9374361,0.0023402756519940995,-3.2850304
604911204083987328,15.4823885,0.0005094326769558714,14.8536,0.003129979242776202,15.935326,0.003070711627928014,0.1595,0.41228583,0.04148674,864.172111735085,40.78600713060598,132.81021608311,11.74470948876,1.0,1.0817261,0.004384750843788299,-3.4259157
604911204083987584,15.091749,0.0007978155920588074,14.512786,0.0019206810813514085,15.500637,0.0036816767942421027,0.0188,0.4967448,0.04354924,803.608768994403,32.57938356858892,132.81022746406,11.74350602842,0.943,0.98785114,0.004152560635742966,-3.3873072
604911307163200000,15.008646,0.001387513348017518,14.337909,0.003938107878617007,15.51407,0.005582345250787816,0.7353,0.6703453,0.05647695,872.713579051803,32.99987865366904,132.8237957839,11.74153093371,1.0,1.1761608,0.006831637590111073,-2.5980434
604911375882674176,13.979757,0.0002608189470639817,13.448266,0.001132985178943971,14.349328,0.0012314862644753081,0.462,1.5895541,0.10523677,879.920187162143,24.241211092718004,132.8200368956,11.76157170239,1.0,0.901062,0.0016733839473647555,-2.6007748
604911547681374080,15.170377,0.0004911622879747523,14.585472,0.0014736303675784448,15.601073,0.002975390819915135,0.156,0.51130885,0.050611854,869.212981449499,40.164213348196995,132.78060977667,11.77441072137,1.0,1.0156012,0.003320321820469311,-3.3618727
604911650760586624,14.392676,0.00032832922934105654,13.87226,0.0011532953453787167,14.74871,0.0010995632325382753,0.215,1.008724,0.07316238,862.285816432833,27.00121410258396,132.79126774874,11.77136386972,1.0,0.8764496,0.0015934646077093255,-3.1059904
604911685120320512,14.927113,0.0004097126186758274,14.348188,0.0016955557072965337,15.339369,0.0014852002914956459,0.0945,0.5577638,0.053934574,794.112779259088,36.33958722555292,132.80086749884,11.78745360072,1.0,0.9911804,0.0022540472626820848,-3.210186
604912368019294976,13.921552,0.00021666532900302862,13.4553,0.00083244241045525,14.233094,0.0016595637997841469,0.1262,1.6219273,0.10288274,878.968694167618,22.856769025483004,132.6686460884,11.70320379789,1.0,0.7777939,0.0018566400761263727,-3.0048246
604912402379032704,14.018824,0.00020668301688593933,13.541578,0.000943471212748508,14.339657,0.0012741159486529593,0.199,1.378105,0.082910776,846.895306649122,20.777859831125056,132.69631642471,11.71521728475,1.0,0.79807854,0.0015854051153875374,-3.0260296
604912471098638720,15.477629,0.0005194744993258981,14.856306,0.0017499328334616277,15.94511,0.002133314465090792,0.221,0.401767,0.039628595,853.20880636113,39.41282890874004,132.68336146487,11.71373640798,1.0,1.0888042,0.002759220094264438,-3.3946133
604913162588927488,14.966264,0.0002998833238474032,14.40165,0.0009627887144209565,15.380769,0.0015051082168495709,0.2715,0.72919655,0.059943378,929.256488496362,33.45536349289807,132.55058939846,11.7147164867,1.0,0.97911835,0.0017867044671809754,-3.29457
604913574905773312,15.431202,0.0004401553464908597,14.819454,0.0014098162566092522,15.892236,0.0020923452939837083,0.033,0.39986715,0.034181625,832.460275762091,32.44782515849306,132.64451761516,11.75710496479,1.0,1.0727816,0.0025229924111371195,-3.4082708
604914021582551168,14.478691,0.00028356085730101845,13.966843,0.000909972935242625,14.832773,0.0015019632226236615,0.077,0.9076749,0.065202355,846.502296689785,26.328617008736046,132.71788690228,11.75098534781,1.0,0.86593056,0.0017561162447253123,-3.231451
604914846216261888,15.4833555,0.0004929598629574444,14.852918,0.0017751531054330193,15.961987,0.002036379541231684,0.1053,0.36461177,0.033314228,803.920522181891,34.27374237899403,132.74350304886,11.80184563964,1.0,1.1090689,0.0027014829600934846,-3.3243475
604914949295282816,14.466602,0.0002921279872433671,13.951656,0.0011337789314855094,14.819908,0.0016302129435748077,0.163,0.9745286,0.07469243,872.919654028421,29.255440203213993,132.75330770932,11.81465369096,1.0,0.8682518,0.0019857111841552547,-3.210658
604914949295285376,15.373173,0.0004643702182652287,14.757608,0.0018137133543073404,15.832073,0.0025390402912052927,0.2467,0.48232934,0.051452905,896.412303081956,45.05252528257097,132.74372105734,11.81219745662,1.0,1.0744648,0.0031203015450364155,-3.3439293
604915086734256000,15.194692,0.0003748599180830432,14.539941,0.0012127344688257435,15.69347,0.0013260393358262108,0.492,0.49620536,0.039066464,824.178592682035,29.055237354338033,132.6620266846,11.78211440002,1.0,1.1535292,0.0017969711216478902,-2.8689575
604915086734257152,15.241211,0.00032449172102007876,14.640887,0.001655487644716684,15.681621,0.0017963715719240437,0.226,0.5243534,0.043817997,880.023589884224,32.86556406925001,132.6606666374,11.77678713518,1.0,1.0407333,0.0024428651551459926,-3.338461
604915292892687744,15.2712755,0.00040580719625779804,14.680272,0.001247850302917082,15.714958,0.002261604544173657,0.15,0.43806776,0.036016226,818.05033873698,30.508626781625935,132.65304500233,11.78542676387,0.987,1.0346861,0.002583018678352363,-3.391203
604915395971900672,14.468365,0.0002137740662856193,13.881615,0.0011028219692440873,14.902047,0.0014411965555366224,,1.0150926,0.06645793,856.191107656076,23.465355416875923,132.65341682871,11.80021075793,1.0,1.0204325,0.001814735189370072,-2.6417427
604915597834696448,14.982956,0.0003230686479638264,14.419532,0.0013745180389085297,15.389153,0.0014928395434362315,0.1177,0.62477535,0.05341637,869.810269222566,33.53756704966395,132.72230215752,11.81593364443,1.0,0.9696207,0.00202925349370941,-3.346878
604915705209528320,14.493231,0.0002706098525184943,13.973075,0.0015739178875422578,14.854505,0.0014433900476308191,0.2102,0.9880673,0.07329619,887.196873489095,28.35336391292003,132.73604954168,11.83184139674,1.0,0.8814297,0.002135554341693318,-3.18787
604915773929008384,15.169935,0.0003780913114520565,14.587729,0.0013525918026055226,15.598393,0.002076750364756891,0.177,0.5411084,0.04769057,879.440925459019,35.12446250890093,132.72138348009,11.82958120595,1.0,1.010664,0.0024783858985221686,-3.3799458
604915877008228096,14.381816,0.0002315981682954773,13.868152,0.0011309334390792298,14.738577,0.0013239921525351943,0.163,0.9956092,0.07376164,847.146849610427,27.419503001169005,132.70003836007,11.82819475546,1.0,0.8704252,0.0017412540491273383,-3.1177216
604916117526551680,14.432956,0.0002308966317994671,13.922359,0.0008703291766868945,14.782133,0.001366169168200338,0.1283,0.9802964,0.07078481,861.362944153397,27.449795575898975,132.89370104794,11.73040180184,1.0,0.85977364,0.001619842915820448,-3.208805
604916254965494528,15.125658,0.00032767549895535174,14.540847,0.0015095456296268673,15.5529,0.0019355572981545183,0.1337,0.49907443,0.042239875,829.75441391622,31.970385141888073,132.91470715507,11.75036749265,1.0,1.0120535,0.002454609961351252,-3.3304577
604916426764196224,15.275631,0.00040351190052042554,14.671966,0.0019388906448146572,15.721791,0.0029119876508036874,0.183,0.49647266,0.04317242,869.888949387112,34.25920031220494,132.88224969523,11.7524370362,1.0,1.0498257,0.003498423789506208,-3.3387852
604916529843405696,14.723096,0.00028142388727007294,14.108016,0.0010836132977314992,15.181592,0.0017345527041982456,0.725,0.9609572,0.08655411,941.799033590315,37.960680734594916,132.89264448165,11.76486717522,0.999,1.073576,0.0020452116914055573,-2.6971855
604916529843406976,14.993261,0.0003165523301863911,14.4085655,0.0019906136911923143,15.414267,0.0018214678824938436,0.1115,0.5465725,0.046380818,816.20750386183,31.676375231185034,132.88893693469,11.76657969984,0.999,1.0057011,0.0026982009032907274,-3.2218819
604916564203137280,13.860954,0.00020029218758652726,13.368286,0.0011108933743058937,14.193665,0.0012096169879395092,0.3373,1.7741048,0.10998535,891.884138259905,22.34443928205701,132.90516105382,11.78213797509,1.0,0.8253784,0.0016423328976150314,-2.7657852
604916598562882048,14.420352,0.000261933166317388,13.884427,0.0009759600235745037,14.78819,0.001819191969372729,0.271,1.1156628,0.07907629,902.550753266424,27.00298761849308,132.884869497,11.77934799543,1.0,0.9037628,0.0020644508686441954,-3.0312414
604916632922617088,14.041669,0.00021666712691044876,13.558396,0.0011048068329831716,14.36489,0.0010321842253255896,0.1565,1.4458449,0.091807246,875.213656492301,22.827983173842995,132.89212054373,11.78215160343,1.0,0.80649376,0.0015119531782490135,-3.0173168
604916804721291776,14.127201,0.00022213542354945092,13.555336,0.0010916288436423026,14.539768,0.0014833416462031413,0.528,1.2868001,0.08206856,840.284436694776,22.381741396652046,132.94753950601,11.78601422834,1.0,0.9844322,0.0018417263563386599,-2.4355803
604916873440765696,14.608337,0.0002708156042208872,14.046785,0.0010099074488401224,15.006539,0.0012582154071065718,0.492,0.9738136,0.0855692,911.686184590199,35.93292352555602,132.95272510189,11.79321240845,0.962,0.959754,0.0016133874506463475,-3.0092602
604916903504793856,14.343983,0.00023817450334341967,13.837406,0.0014374015514014237,14.6891575,0.0010093632280800638,0.1683,1.0200555,0.06420004,843.788976225551,22.54099584351104,132.95388855993,11.80060159462,1.0,0.8517513,0.001756398971239572,-3.1499157
604916976519989248,13.9570675,0.00022136558453148805,13.4689865,0.0007499724064493039,14.283782,0.001199404873708235,0.345,1.515733,0.09222245,861.243895327942,21.318941271973927,132.92284679369,11.79336780488,1.0,0.8147955,0.0014145779093109106,-2.9015846
604917010879734528,14.31733,0.00024380380775449538,13.811548,0.0011170408867677316,14.660349,0.0011062248906737134,0.1768,1.0583885,0.066925526,847.515248793746,22.245984484221026,132.90026568938,11.79639075268,1.0,0.84880066,0.001572104911084788,-3.134328
604917148318674816,15.502292,0.00042297256447159943,14.865889,0.0013427925563177403,15.978587,0.003403289392940325,0.1513,0.38435116,0.033660173,833.552511192088,33.46743120578003,132.9310368764,11.81449200913,1.0,1.1126986,0.0036586159324808144,-3.3296719
604917315826476416,14.766586,0.00035383448646392137,14.220146,0.0012726754436791048,15.144828,0.002082263893675395,0.132,0.78453696,0.07839668,883.948546291202,41.16730473941402,132.85119891601,11.79121066263,1.0,0.92468166,0.0024403945803595007,-3.2990303
604917354477131392,14.746078,0.0005065610704962951,14.110426,0.0016207160025739872,15.227992,0.0019877695646103844,0.5817,0.79375243,0.06450379,844.448291399598,30.78321945024902,132.86804535264,11.78040118111,1.0,1.1175661,0.0025647510996178093,-2.5552044
604917629355037568,13.999181,0.0003281672723161069,13.463546,0.0011404049760421271,14.372124,0.001963292162650802,0.555,1.311946,0.0841254,805.481893155228,21.928756123271,132.85524305704,11.80376228259,1.0,0.9085779,0.002270471234195163,-2.5920134
604917629355040896,15.455043,0.0006324049218815886,14.798386,0.0014109380034699696,15.941707,0.0036122869860642248,0.3857,0.47024,0.05062425,898.154587793265,46.406195214819945,132.84220101745,11.80775221726,1.0,1.143321,0.003878061799317384,-3.1675892
604917698074587136,15.01268,0.0006064656956779976,14.436324,0.0017627273504110738,15.420799,0.003990002703116123,0.143,0.54462886,0.043495476,820.765383144059,29.49132952022603,132.84003202722,11.81736127184,1.0,0.98447514,0.0043620327007899895,-3.320898
604917766793981184,14.027974,0.0002381724883611498,13.545719,0.0007847518332530298,14.3489485,0.000995119221947332,0.143,1.4600264,0.09517014,873.670880422524,23.62992201962004,132.88567826484,11.80669070534,1.0,0.80322933,0.0012673191017589275,-3.0158644
604917835513458816,15.57134,0.0009848337027680623,14.831243,0.009187092549249555,15.931651,0.011596308318831685,0.185,0.26958418,0.028986216,734.407490435344,39.25700290506097,132.87781769888,11.81457932762,0.995,1.1004086,0.01479449343958358,-3.444807
604917938592657024,14.779092,0.00029634520302704575,14.231691,0.001168941403290356,15.164445,0.001843773523133975,0.1015,0.7425588,0.054165423,862.75517183085,27.212990798694932,132.92451722015,11.82711987665,1.0,0.93275356,0.002183099816530682,-3.2812662
604917972952400256,15.315637,0.0004323461780787023,14.707066,0.0011844147437948195,15.762486,0.002103496743170361,0.1962,0.4869207,0.04406947,898.200812016838,36.88404170233105,132.90301631751,11.83306578705,1.0,1.0554209,0.002414029170048876,-3.357808
604918106095629952,14.548372,0.00037153637183014556,13.997175,0.0014106797519316493,14.926129,0.001710761553886227,0.265,0.91397226,0.06752515,853.19049480801,27.456189003185955,132.85846354462,11.83208104675,0.929,0.9289541,0.0022173683628944375,-3.0647945
604918110391371136,14.901928,0.0006383947258337234,14.32233,0.0028371792610614958,15.285179,0.004416544813273202,0.0647,0.6184568,0.055494547,831.151900684228,34.407110531282,132.85150549773,11.83068525532,1.0,0.96284866,0.005249328933020665,-3.2912455
604918140455365888,14.196862,0.0002593214297300241,13.638296,0.0010906990459802804,14.596971,0.0014126312529926975,0.6755,1.5555878,0.11157465,952.450391356956,28.40062757862006,132.87446064797,11.83968236174,0.997,0.95867443,0.0017846992648157874,-2.6018333
604918140455366528,14.248149,0.000250405986424785,13.7389965,0.0009759834792645069,14.592244,0.0011736542262579348,0.1395,1.1149911,0.072969794,843.637554798265,23.229535820428055,132.86639908154,11.83663129702,1.0,0.85324764,0.001526436370966823,-3.0484705
604918179110834560,15.524561,0.0005367124497377449,14.890755,0.0018955838098899756,15.981068,0.0038843355672303617,0.183,0.44430152,0.043755025,911.258954935016,41.400841819820926,132.88611945949,11.84191728353,1.0,1.090313,0.0043221870365785665,-3.4358873
604918247830308096,15.036922,0.00033496205964499463,14.439218,0.0009949106703340726,15.4669075,0.0019551362233423274,0.217,0.5147969,0.036946237,799.442106998106,25.264309422044903,132.887737074,11.85444774017,0.994,1.0276899,0.002193719420019318,-3.1830854
604918247830309376,13.864686,0.0002488825123891617,13.377526,0.0008353190678275141,14.185868,0.0011650756566852641,0.2163,1.5990797,0.095341325,848.418584239728,20.543988691306936,132.88293998606,11.85461580222,1.0,0.808342,0.0014335826557533495,-2.8334036
604918247830311552,14.7200365,0.00033073506920572467,14.167878,0.0013785643754252047,15.108353,0.001864065332654192,0.102,0.7380298,0.054467678,838.765081598832,27.093278439351025,132.87629542265,11.85615797543,1.0,0.9404745,0.002318443292727831,-3.1932573
604918247830312576,13.957524,0.00020706857515503086,13.473656,0.0007255667580475901,14.279541,0.0007975837850942841,0.2257,1.4980029,0.09462547,855.382098444175,22.790028623498984,132.87480074618,11.8525040962,1.0,0.8058853,0.001078233283955293,-2.9354544
604918282190042496,15.104297,0.0004012873857494967,14.519945,0.0016521372297727912,15.522216,0.002209629857255774,0.1063,0.5487043,0.044019043,859.98950062535,30.68983124630097,132.8965213173,11.86096412516,1.0,1.0022707,0.002758989222899844,-3.3457813
604918316549769728,13.828678,0.00021387562665419648,13.360388,0.0007844469380446139,14.14013,0.0017030417785265763,0.054,1.5734254,0.10223484,830.93729654934,22.780908321732,132.98552964821,11.80347005152,1.0,0.77974224,0.0018750222126723017,-2.904645
604918522708192256,14.157154,0.0002301089357954047,13.637809,0.0007823573777941249,14.515611,0.00162050145962233,0.2907,1.2154304,0.08170235,843.84011899359,24.076774459759008,132.99484112225,11.83402907951,0.999,0.8778019,0.0017994743808198552,-2.8653965
604918763226358656,14.980604,0.0003132249689118402,14.408759,0.0013901480962408537,15.397581,0.0017848315375195189,0.126,0.5872708,0.05441338,841.145304262321,36.11849924538001,132.99573735555,11.85393928013,1.0,0.988822,0.0022623296282386347,-3.272522
604919033808556800,13.938669,0.00018048669297007248,13.411861,0.0007491965298992654,14.310888,0.0011768497253668636,0.629,1.9058928,0.13155723,942.036126682071,26.774858363993985,133.05215938785,11.87593097107,0.998,0.8990269,0.001395088067653495,-2.567318
604919209902956160,15.084614,0.00036006860677668425,14.499424,0.0016542750580884247,15.511652,0.0017902437315212188,0.244,0.58288497,0.05221188,879.037903085134,35.82875589885509,132.99410914625,11.87091047884,1.0,1.012228,0.002437539453232394,-3.2887592
604919244262692352,15.06096,0.0003320035119986043,14.490651,0.0012339492483901303,15.475163,0.0021675740078088007,0.158,0.51148516,0.04180643,815.919541786945,30.226501099559982,133.00213562087,11.87476088105,1.0,0.9845123,0.0024941948253756913,-3.3690386
604919583564564096,15.630089,0.00048298943728355135,14.980662,0.001298269964524472,16.131025,0.002945142215580796,0.1605,0.3421679,0.03544298,836.539285126706,41.14847809812704,132.9619372237,11.86903096501,1.0,1.150363,0.0032185971432881332,-3.316228
604919965817201152,15.538965,0.000444743952939924,14.903987,0.0016137841462307064,16.021385,0.003382545236203885,0.1978,0.40484035,0.042493284,872.268387066352,43.23304511951994,132.97893724755,11.88499111616,1.0,1.1173983,0.0037477875534228412,-3.3487215
604920000176937600,14.865786,0.00033878098024877766,14.303427,0.001328751967495507,15.270802,0.0017680207501336977,0.274,0.7065461,0.05912137,876.737077534836,32.830334643951005,132.984166318,11.89326095736,1.0,0.9673748,0.0022116688640089195,-3.2381306
604920275054845824,14.426371,0.00029163063136389354,13.905831,0.0012942001347831407,14.785796,0.0014574557508069536,0.215,1.0178183,0.07518333,875.700850885,27.94658303660799,132.97204978909,11.90541347422,1.0,0.8799648,0.0019491360276884116,-3.126503
604920481213271296,14.327913,0.00023137628406600676,13.751952,0.0009254617934698919,14.7487755,0.001512794565019617,0.625,1.1101357,0.078472376,855.89895845871,25.974361265490984,132.972118953,11.93808133904,1.0,0.9968233,0.001773422376966469,-2.5898256
604920515573077632,14.704531,0.0003357313776630429,14.168925,0.001331477507041301,15.076201,0.0019640464206246637,0.0403,0.8105051,0.06258589,873.705508379476,29.556904816675,132.8000563953,11.80741505335,1.0,0.90727615,0.002372827573618756,-3.3022451
604920549932808320,14.000402,0.00026012000662730675,13.524504,0.0008496973358517869,14.314135,0.0012340989501069216,0.1345,1.4824902,0.10542941,872.816227407383,26.529551003476968,132.81265907111,11.82252647523,1.0,0.7896309,0.0014983276614975213,-3.0392866
604920549932809344,15.179534,0.0004138744802678562,14.587876,0.0013756764237915177,15.610911,0.0022707699211481198,0.2615,0.6099252,0.059325814,936.781112433985,41.63539385714705,132.81168882681,11.81664145936,0.999,1.023035,0.002654973005091927,-3.343153
604920653012016896,15.452657,0.0004847800991412248,14.837315,0.0016093253236827976,15.897932,0.004314554117165971,0.209,0.48099926,0.054548293,923.234417272871,50.49769695786301,132.83198614286,11.82752954387,1.0,1.0606174,0.0046049218481316895,-3.4753418
604920687371751936,13.815327,0.00021231765574984685,13.349603,0.0010268923997876962,14.11958,0.001221569528035992,0.2057,1.6378081,0.10024226,844.828737673647,21.239887010518032,132.83380891746,11.83978270456,1.0,0.76997757,0.0015958509054945608,-2.9279108
604920756091231488,14.141336,0.0004303837097399137,13.627763,0.001139740638491582,14.484484,0.0018508328191747677,0.207,1.2912143,0.10136783,863.613614307853,29.944326395481994,132.82604339828,11.838794374,1.0,0.8567209,0.002173612395889299,-2.9286327
604920786155388544,15.336047,0.0004841841524242233,14.738936,0.0023665255088970083,15.771334,0.002358285738099425,0.0857,0.5064478,0.048578262,905.887469006006,39.89836607721497,132.78395464122,11.82905221385,1.0,1.0323973,0.003340951153007687,-3.4645576
604920824810533632,15.246571,0.001244771979611534,14.602588,0.0033885010729393637,15.720159,0.006150109488532814,0.347,0.46426094,0.0385167,819.044952767169,30.879099793271052,132.78330210381,11.83217833948,1.0,1.1175709,0.007021807904112201,-3.0556793
604920927889741696,14.685289,0.0003231148071007868,14.10906,0.001692015500039067,15.089912,0.0017523630950226354,0.3357,0.87428343,0.068303585,894.329020807815,30.499107273254026,132.80076807656,11.8425181624,1.0,0.9808521,0.0024359172541713655,-3.0070934
604921134048349824,14.160103,0.000255289420028949,13.661758,0.0014848381106598778,14.49698,0.0010582804844223744,0.163,1.2838864,0.08458483,869.959216700988,23.90747029953502,132.83344323592,11.85045962893,1.0,0.8352213,0.0018233764829505867,-3.0280228
604921202767809664,14.776587,0.0004703013910151275,14.184558,0.0019141520784862814,15.198948,0.0015834374883904126,0.355,0.74852484,0.05621165,860.345504755157,28.20590426476906,132.87060740373,11.87013702153,1.0,1.01439,0.0024842005674287834,-2.9726238
604921202767814016,14.435721,0.00028977448200000406,13.853741,0.0010215383567971253,14.851959,0.001493002228841433,0.5635,1.0661013,0.074887395,880.894664517333,26.260047860983036,132.86607671001,11.86281410764,1.0,0.99821854,0.0018090318597894447,-2.692402
604921305846836864,14.032816,0.00023354556574151883,13.545046,0.0009131392878806445,14.361048,0.0010823257740563933,0.2465,1.3907498,0.086170435,855.723532268338,21.770516728382063,132.8645094839,11.88400978533,1.0,0.8160019,0.0014160693627989914,-2.9728088
604921408926071424,14.837015,0.00037560585321992174,14.288565,0.0010649219798601589,15.225423,0.0022230365325974677,0.113,0.73488075,0.05932796,882.241310853604,31.510441479618066,132.81427867508,11.86609815345,1.0,0.9368582,0.0024649442688329188,-3.3237972
604921477645534976,15.086282,0.0004285069364815316,14.505191,0.0014423875669325908,15.508036,0.002513018136902818,0.1473,0.5005425,0.04371035,816.569596134631,32.82735360114202,132.84137731251,11.88580268928,1.0,1.0028448,0.002897540689903117,-3.325614
604921512005268608,15.347024,0.0005023889274428267,14.735908,0.001371663899409531,15.797214,0.0024694429905668678,0.1415,0.46866745,0.041587174,874.910785320953,35.28603289185901,132.85664583352,11.88772454474,1.0,1.061306,0.0028248204432500122,-3.3671265
604921580724745984,14.026506,0.00022645943026336244,13.5433235,0.0007387646951855991,14.351039,0.0013479888219271176,0.251,1.3727252,0.08123267,846.826132819311,20.309093594396927,132.84638848672,11.90138444531,1.0,0.8077154,0.0015371555350364287,-2.9975739
604921679508385664,14.659254,0.00028417352874233223,14.125974,0.0014245369498016654,15.033826,0.00154527191755432,0.125,0.82112586,0.061059654,862.641487269004,27.900548330115043,132.74914955399,11.85350299218,1.0,0.9078522,0.002101706644737138,-3.2548084
604921718163730560,13.883287,0.00021821891828583247,13.369344,0.000828178087200399,14.238716,0.0012311966119204895,0.5583,1.9600048,0.13641775,943.471135463695,27.104505702229062,132.76865543241,11.86276734543,0.998,0.86937237,0.0014838207578152436,-2.6231413
604921748227889152,14.727281,0.0003162344887540787,14.1863985,0.0010614233817911316,15.108169,0.0017253101889420112,0.158,0.8042778,0.06182027,878.820709336316,29.502150291108023,132.78145691715,11.86569147387,1.0,0.9217701,0.0020256640500043535,-3.2706432
604921821242945536,14.808446,0.0003131836078073536,14.255493,0.0013129603490254962,15.201356,0.0016256663825932839,,0.77903557,0.061864078,900.24120618045,31.293169047630954,132.76242146718,11.8737984874,1.0,0.94586277,0.002089654532597933,-3.2614603
604921885666815360,13.971825,0.00022108913791102982,13.494535,0.0008877507039723114,14.290862,0.001219479691101195,0.0695,1.583009,0.10572088,888.100510053566,24.672865138707948,132.73464449131,11.85812332221,1.0,0.79632664,0.001508387227939696,-2.9855995
604921988746029312,14.845777,0.0003213286868946203,14.292538,0.0012520657921664007,15.241286,0.0013829061967342803,0.19,0.71204257,0.052143157,872.409111557857,27.561422559712923,132.73213076344,11.88211281236,1.0,0.9487486,0.0018655021567608409,-3.2879696
604922061761107584,14.870339,0.0003187445161590919,14.314791,0.0010124050689306844,15.26739,0.001851585964401137,0.0887,0.65099394,0.049336553,845.059317917296,28.183110319678008,132.77419972423,11.88630462741,1.0,0.9525995,0.002110292540659667,-3.298091
604922096120852864,14.620118,0.00027790583725830793,14.084189,0.0017770234357486513,14.998646,0.0017933538981912429,0.3355,0.9594716,0.0755887,914.22131776665,31.305016517947934,132.75313068653,11.88651278563,1.0,0.91445637,0.002524664432228107,-3.1909065
604922267919525504,14.016836,0.00021537400345656246,13.5305605,0.0010100947311264773,14.345459,0.0015341667901057107,0.237,1.3964748,0.08746159,850.828482089815,22.01305730526701,132.80116418085,11.90637916263,1.0,0.8148985,0.0018368339896987777,-2.960967
604922267919526912,15.323162,0.00038661113594384844,14.720553,0.0012702589123551407,15.771607,0.0027419887657653126,0.183,0.49144414,0.044186085,885.066012623471,36.18134153562801,132.80380179234,11.89783431383,1.0,1.051054,0.0030219298628526847,-3.38171
604922474077954944,15.068447,0.00039686514090201167,14.49819,0.0015021363226651518,15.480127,0.002362422932089262,0.126,0.58066565,0.05215919,869.645583399355,35.664692832269,132.80048868823,11.91122023371,1.0,0.9819374,0.0027995456134757317,-3.3861818
604922641581304576,15.523563,0.0004419514610705555,14.89203,0.0024671449907225163,16.004208,0.004419226830129912,0.149,0.38518658,0.033685386,846.301012842399,33.796392999612976,132.7841935653,11.92663291454,1.0,1.1121778,0.005061261718325508,-3.3528967
604922783315580288,15.228776,0.00039908911441009055,14.626936,0.0013669177469975804,15.669758,0.002003237260520738,0.1817,0.5065579,0.04242018,865.214196628847,32.546268477659964,132.88290708159,11.89245443149,1.0,1.0428219,0.0024251646643054098,-3.3181934
604922817675316096,14.980849,0.00035683953643818013,14.406628,0.0011217706830617042,15.389236,0.002075758661559973,0.1923,0.66818774,0.0530805,895.478300119758,31.191241342531953,132.88681027326,11.89575314276,1.0,0.9826088,0.0023594794948076946,-3.2960663
604922920754523520,15.299585,0.0003939506000399387,14.686202,0.0018426447592676323,15.7501955,0.002393751074152431,0.216,0.45913422,0.03804937,852.072490494671,31.761417115038967,132.90423691828,11.91387617821,1.0,1.0639935,0.0030208250386049157,-3.3096104
604922920754526336,15.000177,0.00033163139055910083,14.414712,0.0014470653683698001,15.428352,0.001519591666086088,0.279,0.61987174,0.047845066,873.369752212711,29.53241116694403,132.90220330818,11.90757469508,1.0,1.0136404,0.0020983700846069833,-3.199026
604923023833743744,15.527107,0.0004940287681311433,14.888738,0.0018465484926015927,16.013794,0.0027188215954153895,0.1187,0.3963277,0.04018143,861.214406515418,41.045330203925005,132.88723016047,11.91318252872,1.0,1.1250563,0.003286598880792467,-3.3081465
604923333071376512,15.679191,0.0004615680913597462,15.0202055,0.0014234070611358442,16.18837,0.0027459430401530647,0.189,0.3284157,0.034371078,838.994116937663,41.75714013689003,132.9274401023,11.93472811317,1.0,1.1681643,0.0030929421012130887,-3.2985744
604923607949286912,14.271758,0.00021987907134449075,13.76674,0.0007318232474474439,14.618417,0.0017000864437112916,0.206,1.2600178,0.09141719,905.307123966483,27.910404410658998,132.90652769331,11.94570547551,1.0,0.85167694,0.0018509076642543327,-3.0779696
604923607949288064,13.839872,0.000186568300435117,13.370006,0.0007454208372086829,14.147315,0.0013548717709215583,0.208,1.6380224,0.101029515,851.921255872752,21.57569455231703,132.90155610894,11.94744441733,1.0,0.7773094,0.0015463924922816373,-2.924962
604923882827217024,13.992372,0.00021259577268563904,13.51473,0.0008434314713029737,14.311887,0.001043765771633113,0.2097,1.3768433,0.0812099,837.287603992312,20.079089407755987,132.82796349032,11.93046817128,1.0,0.79715633,0.0013419477012228036,-3.0030355
604924531366686080,13.906324,0.00018867300679379346,13.426536,0.0011981259390334764,14.224313,0.0013427312069751998,0.252,1.6823887,0.11496973,887.050191886925,25.428440656122007,132.92826222143,11.99194384747,1.0,0.7977772,0.0017995646306731877,-2.9146595
604926494167460352,14.438444,0.00020588716296413828,13.856405,0.0013009300235292762,14.869362,0.0013505699425018594,0.792,1.1051582,0.09365511,895.764953301291,33.88568503457202,133.1936757182,11.81605256854,0.999,1.0129566,0.001875222145696173,-2.6398563
604928658830961280,15.386591,0.0003310104307220733,14.779834,0.0013329797814585563,15.843901,0.002184932603804197,0.319,0.52837,0.054914415,942.835637004976,45.39989402631102,133.29858483601,11.89927328226,0.995,1.0640669,0.002559446342657702,-3.3963404
604930445537381632,14.843814,0.00029124241224956005,14.288314,0.0015085400693516065,15.24454,0.0016986036792138463,0.238,0.8485577,0.08090222,950.276785452974,41.044437283557045,133.11757190896,11.85159693131,0.996,0.95622635,0.002271771907537851,-3.257965
604931132732290944,14.466561,0.00023572814477002232,13.9559145,0.00118128828281989,14.818456,0.0012827937082675565,0.0815,0.8758249,0.07578951,827.120918596142,32.78169595337204,133.18954885953,11.91269334534,1.0,0.8625412,0.0017438468123944814,-3.2320318
604932404042610176,15.548522,0.00043274416733271847,14.921837,0.0014665368151187059,16.03488,0.002441688173305876,0.266,0.4156764,0.05459562,893.623706580399,58.48658903280102,133.24774752959,11.94729490983,1.0,1.1130428,0.0028482576017207968,-3.374611
604933018221557120,14.643472,0.0002428655163031729,14.12032,0.0009712813811694033,15.012796,0.0014391804187647449,0.183,0.8954454,0.08052248,896.999115828743,36.55069753735097,133.19852224823,11.95726640756,0.999,0.8924761,0.0017362683545933243,-3.2966862
604933125596954240,14.789392,0.00028122058074963566,14.246381,0.0014716944620842716,15.177835,0.001459090898304483,0.168,0.78510404,0.09190959,892.399707140158,51.028067918063016,133.19759293946,11.96906219683,1.0,0.93145466,0.0020723973651895276,-3.2964373
604934190748829312,13.963934,0.00017333923014147776,13.442436,0.0006839032584283293,14.325408,0.0013310646408487424,,1.6790694,0.14183092,907.781423380843,34.07175007485807,133.40587671618,11.92978294001,0.999,0.88297176,0.0014964814549491342,-2.65279
604939241630374144,14.01645,0.00021589861192458884,13.516163,0.0007200687451820897,14.356904,0.0009560654400182091,0.3273,1.3856666,0.09600139,846.28592508527,25.10499206132397,133.2910663697,12.00491476591,1.0,0.84074116,0.0011968960369995888,-2.8636703
604939550868021760,15.332073,0.00034663141869213556,14.723334,0.001299917331352328,15.786141,0.0025056214707370327,0.152,0.40556678,0.03578484,835.047677245174,33.823098427210994,133.25450454526,12.01660024002,1.0,1.0628071,0.0028227511443569674,-3.3465462
604940650379639168,15.066789,0.00032229780816092786,14.488404,0.0013536951982032416,15.496,0.0022675060638508377,0.0483,0.48227894,0.03856626,792.39293274934,28.772935622766,133.3836195991,12.05942381419,1.0,1.007596,0.0026408472957062156,-3.2883034
604940822178327552,13.936717,0.0001853907430524535,13.462505,0.0009927053976900887,14.25273,0.0013941531317828056,0.296,1.6489125,0.114973664,891.558858334808,26.634510410968005,133.41674512225,12.08373117257,1.0,0.790225,0.0017114692405833189,-2.9733734
604942505805554176,14.353541,0.0002546699026322031,13.848756,0.001239771949021023,14.699603,0.0012668287053215514,0.091,0.9811049,0.066299856,831.449365860737,24.00723350083399,133.06434896795,11.88373909846,1.0,0.85084724,0.0017725375748361624,-3.1628647
604943227360042240,14.365097,0.00023183123598879223,13.856471,0.0009603053328126302,14.714761,0.0010486105072177818,0.167,1.1330509,0.105977416,896.424313060838,38.36640885731299,133.13838422114,11.94983859691,1.0,0.8582897,0.0014218897032034202,-3.146511
604943429222316032,15.287994,0.00042355849366682046,14.686312,0.0016344841761929286,15.740166,0.002035465900246657,0.0303,0.39153716,0.0439381,780.548270192479,43.447793711166014,133.08997141046,11.95735469936,0.999,1.053854,0.002610490366443058,-3.3360424
604943880195096320,14.209217,0.00024386583488106452,13.70746,0.0006900578739324597,14.552993,0.0011809897106306341,0.1723,1.279699,0.096042514,887.531953191654,28.795777851173057,133.00168031313,11.93527983384,1.0,0.8455324,0.001367814521779768,-3.0384703
604944086353518592,13.86388,0.00018757032981740494,13.388764,0.000906421214823096,14.180661,0.0011063381055633837,0.0583,1.5676968,0.09847057,843.35158607302,21.976967668833936,133.01372068181,11.96794318471,1.0,0.7918968,0.0014302389389549404,-2.894267
604944120713062784,15.480659,0.00046631809765100216,14.847108,0.0016796705391693893,15.960921,0.0023190243689604315,0.535,0.6494594,0.08975494,1071.89472249158,72.02685265954983,133.01894290141,11.98023219052,0.931,1.1138134,0.0028634187859944474,-3.3038578
604945804340420736,15.079614,0.0003411266068038166,14.501502,0.0012787337467014162,15.502836,0.0023513690768654774,0.299,0.7557068,0.0929451,992.143138252185,58.93555091214489,133.10884592236,11.98997090189,0.972,1.0013342,0.0026765829952744317,-3.3246107
604947144370041728,15.398789,0.0003940519125819865,14.781837,0.0015512936332992737,15.8652525,0.0027276277842892735,0.158,0.42149228,0.037803948,841.078993425312,34.703714958813975,132.99550812711,11.99889682421,1.0,1.083415,0.0031379077848690314,-3.3359833
604947281809005312,14.9313345,0.0004582192831560893,14.3274145,0.0018487104085444146,15.372847,0.00206030614677502,0.5575,0.7751547,0.06731856,929.426431711255,35.89860701659302,132.95052830302,11.99201449423,1.0,1.0454321,0.0027681386513502874,-3.0109644
604947831564803840,15.38443,0.0003329322696888361,14.775808,0.0015310709797990148,15.840429,0.001983013325672848,0.158,0.42910755,0.03517753,848.853648210895,31.24345167774993,132.9948308659,12.03210884618,1.0,1.064621,0.0025052984243356725,-3.3921013
604947865924535808,15.692036,0.0003770392965276889,15.038163,0.0016485563877295497,16.20131,0.0025577141737125066,0.268,0.36704186,0.039711952,889.773810896579,46.337053410329986,133.02522727987,12.02934108657,1.0,1.163146,0.0030429656517834297,-3.3302383
604948278241425152,14.447429,0.00023813086321828426,13.932462,0.0008336076523770641,14.8008585,0.001306879759999281,0.206,1.0446479,0.07076228,896.246081630971,25.29542269140893,132.91416736658,12.01587079366,1.0,0.86839676,0.0015501085204582866,-3.1909409
604948724917993984,14.063401,0.000247421201913959,13.574421,0.0013148108128583104,14.398029,0.0010985015265721175,0.1645,1.3262546,0.08166611,846.629946564119,21.443947057019045,133.00646554323,12.06505216739,1.0,0.8236084,0.0017133105607245885,-2.9748697
604949893149069312,15.416556,0.00036620704835937137,14.8008995,0.0017229295659092936,15.8849125,0.002127870950161747,0.0663,0.36019364,0.032602906,785.090420249171,33.255363375113006,133.13048115424,12.11359576069,1.0,1.084013,0.0027379410274194446,-3.3515072
604949961868553856,15.411786,0.00045317146702917465,14.79666,0.0016663831846463698,15.87674,0.0027783385408729298,0.301,0.5137384,0.055914283,934.045992459733,48.496284627117916,133.09366654976,12.10393431454,1.0,1.08008,0.0032397527630626533,-3.3614864
604950786502478720,15.0695305,0.0003252909374764479,14.493022,0.0014714751624667999,15.490654,0.0018983714744541787,0.2093,0.6023411,0.0561682,886.059405400754,37.88705694759699,133.07201599632,12.11822428534,1.0,0.997632,0.0024018853862701334,-3.3284101
604951301898543104,13.963316,0.0002574909280393805,13.437035,0.001095331369122309,14.326796,0.0013111188733208132,0.508,1.4199684,0.0915823,833.259641282262,22.597277476785962,133.24395735909,12.0392972573,1.0,0.889761,0.001708444762982225,-2.6267128
604951851654351360,15.532205,0.0003991746045510633,14.898411,0.0016256375847193082,16.018818,0.001913476954841832,,0.4302776,0.04446131,899.367985900133,43.45891576110296,133.29188341021,12.0724082172,1.0,1.1204071,0.002510795016237446,-3.330678
604958345644678784,15.507927,0.000629663842635357,14.838702,0.0020244729901358017,16.024582,0.003890645109207296,0.469,0.44049665,0.038893044,886.900218474449,35.422507231893974,133.25616273535,12.23789431088,1.0,1.1858797,0.004385842023327795,-3.0608778
604960235430488960,14.946151,0.00030996283560186304,14.383341,0.0010472785037969913,15.3588,0.0014867356093497142,0.101,0.64099336,0.048414707,866.685892627972,29.205853142643036,132.56099480461,11.74154990202,1.0,0.9754591,0.0018185640039942864,-3.2881794
604962331374512640,14.2961235,0.00020722607826238306,13.787074,0.0008066685465066359,14.644398,0.0012286206234302642,0.157,1.0031077,0.064135194,819.378045433975,22.61381470753497,132.63875741443,11.81725280861,1.0,0.85732365,0.0014697696350929623,-3.0811596
604962640612163200,14.357993,0.00022137071812906365,13.860293,0.0012060622307740047,14.701713,0.001212327505524006,0.1197,1.1104422,0.06940639,883.362392475397,22.467310179953074,132.58984972072,11.83975829325,1.0,0.8414192,0.0017100655207183224,-3.202671
604962984209526400,14.784078,0.00028461944533661525,14.183201,0.0011416910698673394,15.2239065,0.0018466472609790607,0.4297,0.765438,0.053548574,860.092715547132,26.281626885089963,132.69326422863,11.87131795949,1.0,1.0407057,0.0021710745278539605,-2.8814316
604963087288739584,14.601555,0.00024462579458460644,14.025224,0.0016803786145214855,15.01502,0.001300338032218795,0.2715,0.7299785,0.048023164,788.939962456598,22.36569762236502,132.69520354202,11.88272609981,0.999,0.98979664,0.0021247473464334047,-2.8898172
604963602684833920,14.483118,0.0002461626717670742,13.894612,0.0009373257032249611,14.922501,0.0014790000453044666,,1.0037485,0.06318319,859.739842000209,22.309920156076032,132.59741924929,11.86624623845,1.0,1.0278883,0.0017510055990592327,-2.6285372
604963637044570880,15.140642,0.00034882736178494864,14.565759,0.001113966656701278,15.56051,0.0016571323106826,0.1493,0.5989079,0.047210634,912.1631225663,31.280395708326978,132.60139704425,11.87671359594,1.0,0.994751,0.0019967496606611646,-3.410326
604964083721158656,14.2388525,0.0007714757239411249,13.64945,0.002407267271601785,14.674707,0.0032873320470092984,0.7533,1.2669052,0.078038454,866.370948121661,21.75995530545208,132.65410582963,11.90128693186,1.0,1.0252571,0.004074492324722118,-2.3941383
604964118080894464,14.569958,0.0002413099551274997,14.032623,0.0009644273818219867,14.953768,0.0012682841410057062,0.318,0.9400096,0.063605785,883.252124861637,25.02427009041503,132.65840047761,11.91129974998,1.0,0.9211445,0.0015933188121448243,-3.1156654
604964255519855232,14.034624,0.00019715986141997878,13.545224,0.0008467467325232186,14.366388,0.0011416826452054901,0.2853,1.4054147,0.07768011,860.001521868184,18.62818581971203,132.61684623037,11.91403865434,0.996,0.82116413,0.0014214145389020588,-2.9552584
604966866859978240,14.632977,0.0002547161161295552,14.105495,0.0010589088032387224,15.005036,0.0011139136039418668,0.0215,0.802137,0.05414343,846.642176796675,24.26245787831499,132.57657000654,11.90666065928,1.0,0.8995409,0.0015369096819993105,-3.259698
604966866859978752,15.327659,0.0003905169588592367,14.725454,0.0014103962768169142,15.779508,0.0018323084250931397,0.2415,0.54550385,0.054851532,936.318138906096,43.36545782246901,132.57194318844,11.90773005235,0.999,1.0540533,0.0023122655172636026,-3.374959
604967760213166336,15.258778,0.0003497261876271785,14.620585,0.0017191368388362693,15.742158,0.0018230007243250606,0.2747,0.42383677,0.03801468,786.658767933339,32.94313142299893,132.58811364421,11.97690963991,1.0,1.1215725,0.0025057460189599535,-3.0528812
604969168962428672,15.142045,0.00033109038871294907,14.560132,0.001226171893092318,15.569416,0.0015160385460806873,0.0985,0.54957545,0.044885457,875.549251889232,31.805873756444043,132.69524063746,11.89794873337,1.0,1.009284,0.0019498385534736057,-3.3572302
604969203322162816,13.875679,0.00020315906833968963,13.405044,0.0008985594383483113,14.189251,0.0007689229967647762,,1.7178913,0.10409105,888.881058691582,21.602629751666996,132.70729231972,11.90676501314,0.983,0.78420734,0.0011826460329272476,-2.9349012
604969203322163840,13.964726,0.0001896000425212692,13.48424,0.0006802214836154189,14.288169,0.0012323671375395764,0.23,1.6125546,0.096968174,890.978417673152,21.877584633539072,132.70041629075,11.91323846768,1.0,0.8039293,0.0014076327747176997,-2.9499912
604969267746269696,15.576284,0.0004447815875198996,14.931433,0.002212751283385845,16.072525,0.0028002740553101377,0.206,0.3665123,0.032629043,846.657160182078,34.561824425783016,132.68994265954,11.92656936869,1.0,1.1410923,0.0035690058877744634,-3.2971878
604969340761109760,14.832597,0.0002870741648005461,14.21549,0.0012074417721917247,15.292324,0.0012984894836100876,,0.6819081,0.0494259,828.767456766861,26.247931272515984,132.72620061479,11.92089819633,0.999,1.0768337,0.0017731301622496542,-2.7944698
604969443840314496,15.531122,0.0004312789822653744,14.8938,0.00243585825674448,16.024544,0.0034106259824616203,0.3657,0.4726239,0.050856322,938.723069181275,47.20743883281693,132.76022215985,11.92282477315,1.0,1.130744,0.004191154380262381,-3.2908325
604969546919528576,14.756734,0.0002795653708179751,14.207061,0.0013058332656905429,15.155253,0.002215090388450828,0.1692,0.71101785,0.047245502,837.729826752518,23.596192653857088,132.75663448395,11.93785872761,1.0,0.9481926,0.002571347107411068,-3.2010117
604969615639180416,14.404068,0.0002817073610672133,13.895522,0.0012018173534036468,14.755324,0.0014348302127906178,0.167,1.1224722,0.07657838,907.860974339786,25.74999317424499,132.78805127243,11.95008761473,1.0,0.85980225,0.001871657738604715,-3.1798096
604969714422619136,14.792496,0.00027578173007530046,14.248658,0.0015625904114854874,15.181874,0.0017186356322158496,0.1015,0.73606354,0.05207634,867.030563900896,26.232113016475978,132.73772698393,11.94741436347,1.0,0.9332161,0.00232279943826159,-3.2929354
604969748782357760,15.44746,0.00037443339955585517,14.819938,0.0015533217819412597,15.914671,0.0033594028184789626,0.1777,0.46106678,0.0462285,880.568337329693,41.21246850085504,132.74966289134,11.94432419227,1.0,1.0947332,0.0037011344011069858,-3.3422108
604969924876649088,14.350588,0.00021449099012309404,13.849469,0.001582852072076272,14.692747,0.0016593215467864228,,1.0260354,0.06164193,849.064486670675,21.211931585531943,132.74306072143,11.97077638023,0.993,0.84327793,0.0022932005315074028,-3.1882954
604970096675364352,15.475778,0.000430678706092512,14.847146,0.0014662577514116377,15.959271,0.0030013660009126247,0.124,0.38482437,0.033721864,830.996786463201,33.41410013847292,132.67174855937,11.93769640298,1.0,1.1121254,0.0033403756772268827,-3.3053074
604970508992220288,15.479553,0.0004341684758423367,14.858042,0.0016799894585001556,15.956209,0.0018823302025275932,0.016,0.37071735,0.033368498,820.679523911869,34.201872141438,132.66621402328,11.97565616394,1.0,1.0981674,0.0025230005097144187,-3.3614254
604970783870102656,14.085518,0.00018932531617752286,13.588087,0.0008743976493767674,14.425011,0.0012687219617402489,0.187,1.2622681,0.073952556,834.064419382984,19.8473524392449,132.74367683632,11.99429319604,1.0,0.8369236,0.0015408525774510816,-2.947054
604970921309068544,15.231743,0.0003293516993719843,14.62227,0.001554295982260331,15.686537,0.0016922034614048056,0.2,0.46713796,0.039115936,828.758356248126,31.518856665922044,132.70170599631,11.99634978594,1.0,1.0642672,0.0022976920061794645,-3.2407408
604970990028536320,15.086896,0.0003325507300139263,14.504,0.002169382304168781,15.518134,0.002020337474940984,0.1233,0.5686249,0.045911252,866.100098305709,31.100391535976996,132.72505589145,12.01026229168,1.0,1.0141344,0.0029644532538550105,-3.2838917
604971088812177280,14.297556,0.00022376405219844098,13.792386,0.0009206185315103396,14.647278,0.001435041318563219,0.1683,1.0209337,0.061350107,826.197957417772,20.42922410462097,132.80405226854,11.95024504069,1.0,0.8548918,0.0017049580835152272,-3.091712
604971093107738624,15.509974,0.00046460078074906817,14.882681,0.0019625736825772387,15.986018,0.003867621849081908,0.0985,0.3386476,0.027643114,787.836501335113,29.388424908342017,132.79707581353,11.95588531232,1.0,1.1033373,0.0043370720799913555,-3.3724585
604971093107922432,15.031465,0.0003419889972754912,14.466054,0.0016886933770310071,15.436696,0.003306888612512276,0.101,0.63159114,0.046990156,893.374168291749,28.59660054986,132.80821017616,11.95949544185,1.0,0.9706421,0.0037131115815703347,-3.3915567
604971367985645184,14.585341,0.0002857960467628048,14.058934,0.0012566905398259823,14.953013,0.0016378542400283139,0.1635,0.9039848,0.06325424,883.058484318378,26.167481509839035,132.78309536785,11.98147926982,1.0,0.8940792,0.0020644218620395503,-3.232544
604971471064858496,15.540224,0.00043117977220736013,14.903596,0.0016914263112128153,16.029089,0.0034878314474137222,0.2747,0.4219642,0.038096517,891.891904296112,36.577888218962016,132.78257971458,11.99315874965,1.0,1.125493,0.0038763244409918906,-3.319625
604972360122759296,15.829375,0.0005078346848172135,15.164964,0.0016563897066755756,16.351038,0.003974989022700203,0.214,0.29931366,0.030148864,854.190056072968,40.46039385327106,132.79275160301,12.02542398918,0.999,1.1860743,0.0043062936025041205,-3.3815966
604972463201969920,15.547435,0.00034818064023955426,14.914283,0.0016065195531470894,16.02942,0.0035966597141544746,0.124,0.3805731,0.038248777,850.067407252909,40.19786492932599,132.74032475468,12.01128091189,1.0,1.115138,0.003939145360870257,-3.3656673
604972467497283200,15.266065,0.00031369275057019206,14.669117,0.0013357530342729166,15.715873,0.0016513157493097906,0.142,0.5083082,0.04366237,872.9288303026,33.82388168458806,132.7316663948,12.01228222499,1.0,1.0467558,0.002123930288989697,-3.3407307
604972944238043904,14.863969,0.0003049956113502081,14.31205,0.0011483306005473902,15.263966,0.0017142846612812753,0.059,0.6458156,0.045071065,838.071290173076,25.180177075425945,132.81041028807,12.06906980417,1.0,0.95191574,0.0020633552937043553,-3.2942848
604973635728426752,14.868432,0.00026759568447561315,14.318986,0.0009935190114062332,15.262732,0.001477012003227524,0.034,0.62804496,0.0408265,829.949632768882,22.777130805204024,132.58899685594,11.98580629565,1.0,0.9437456,0.0017800686738729497,-3.3293858
604973979325779328,14.894416,0.0002803692888551711,14.331078,0.0012052541242169612,15.304376,0.0015279228157890393,0.118,0.59139323,0.044091582,812.504022508867,26.834944608010005,132.70211603273,12.01504534958,0.95,0.9732981,0.001946069278045029,-3.2445478
604974151124482944,15.826992,0.0004944871303152593,15.159842,0.0016563115697961755,16.35575,0.0037610741451898117,,0.3410384,0.03719166,921.984957052301,48.12151422294903,132.65487499934,12.02297948238,0.999,1.1959076,0.004109628540617259,-3.3423386
604975693017389952,15.165632,0.00032070223539735766,14.581202,0.0016545855100025628,15.593541,0.00316585080858717,0.029,0.4465506,0.03326434,799.614853536042,26.497499468630963,132.71924318635,12.06027047647,1.0,1.0123396,0.0035721512498972487,-3.369359
604976315787962240,13.833863,0.00017807495490706666,13.36928,0.0009108165509091647,14.146915,0.0010076113764113637,0.3215,1.8191,0.10376501,893.683591174416,19.905158085649987,132.73829162908,12.09344695215,1.0,0.7776356,0.0013582589868223474,-2.9177303
604976625025623424,15.730328,0.00045387889516201033,15.072704,0.0021700930408971022,16.249367,0.004399614312770118,0.389,0.39004093,0.044552863,928.511793115966,51.167674941938,132.69250254679,12.08221873125,1.0,1.1766624,0.004905701775208284,-3.3178434
604977552738539776,15.271369,0.00035665151654580356,14.6830015,0.0022961390629166736,15.708293,0.00225586416128999,0.188,0.5460097,0.04481554,909.039545705303,32.876344744560015,132.71883609571,12.14908794371,1.0,1.0252914,0.0032188783311030023,-3.426526
604977999415233536,15.329666,0.000382587495085022,14.732202,0.0011573335846525724,15.77978,0.002679192939526877,0.154,0.43313688,0.03147304,831.960949162037,26.404068783569073,132.34911371541,11.91021570685,0.998,1.0475788,0.0029184749156666466,-3.401245
604978858408693888,14.269615,0.00021029255245342637,13.7781515,0.0013620442213816667,14.605718,0.001233133988465611,0.0887,1.0965337,0.066462755,846.375724008659,20.982845110206995,132.31035780291,11.93551559482,0.998,0.82756615,0.001837330643762384,-3.1662426
604981847705911680,15.3375025,0.00037263004526897524,14.735327,0.001371949295654057,15.794018,0.002271175262265193,0.108,0.44254434,0.043224216,850.023475951635,38.83211318976498,132.44229941841,12.05835619995,1.0,1.058691,0.0026533906500496736,-3.3674107
604982809778600064,14.992837,0.0002868956098615544,14.43358,0.0011790839992403732,15.399927,0.0014889505067686914,0.118,0.58150995,0.044317305,843.185710648925,28.341310910299967,132.34634682894,12.02693169668,0.999,0.96634674,0.0018992663554308056,-3.3690367
604984630844732544,15.85935,0.00046267481301128833,15.1918955,0.001528719271732592,16.380733,0.002726917613130471,0.2142,0.30067956,0.03023839,871.549596860674,41.031732081482005,132.33527442031,12.06775491864,0.998,1.188838,0.003126189738414451,-3.401208
604989441208017920,14.475552,0.00025737631308962223,13.892499,0.0007917433549359815,14.908965,0.0017223909903030233,,1.0222219,0.07100046,866.603804281897,25.591924991219912,132.6898633736,12.17770674391,1.0,1.0164661,0.0018956498261974211,-2.663803
604990368920963456,15.027397,0.00035023758822649837,14.456697,0.0012926654570572771,15.444548,0.002064724660023514,0.1535,0.57851654,0.046049178,852.361257721147,30.19133009997995,132.64420116807,12.1996789606,1.0,0.9878502,0.002435995054506128,-3.322959
604992327426113536,14.708573,0.0002527518533947828,14.133125,0.0011509114117329298,15.126226,0.0013621091193296493,0.3955,0.77689123,0.057789505,853.696321009725,27.71117249012798,132.37311055943,12.18454054305,0.974,0.9931011,0.0017832381586927973,-2.9844437
604993598736391040,14.047167,0.00021059504734548533,13.569582,0.0008912095867638849,14.370433,0.0009544660612537961,0.0985,1.3516098,0.08458948,848.440451843037,21.95224947188899,132.54835184284,12.24267197488,0.999,0.80085087,0.0013058560370979605,-3.0439758
604993667455856896,14.053577,0.00019913095679226111,13.574968,0.0008004241527098864,14.379532,0.0011980205780199801,0.1573,1.4710156,0.09668851,887.960548083188,24.14374006134608,132.59496768804,12.22697864577,1.0,0.8045635,0.0014408095396688163,-3.0364647
604994045412975744,13.998116,0.00020394750003672975,13.526782,0.0012260434346262003,14.312917,0.0016329314204978672,0.174,1.3717756,0.08313739,837.184703941544,20.83842717855009,132.57780555083,12.26694577837,1.0,0.7861347,0.002041971480613574,-3.0501099
604995248003823488,15.14758,0.0003674219173801119,14.567576,0.0015873198831748965,15.57766,0.0023491404846485093,0.029,0.49715707,0.045143753,834.50985664884,35.021781564935964,132.53184540693,12.32180680502,1.0,1.0100832,0.00283514469262805,-3.359768
604995522881670272,15.228243,0.0003557790707455381,14.635626,0.001447208565967241,15.664362,0.0016999887928522053,0.188,0.5336823,0.046013147,885.477238733944,34.341529220151074,132.91777853617,12.07356079621,1.0,1.0287361,0.002232571282004688,-3.3704824
604995660320634880,14.549,0.00027135967085783704,14.0244255,0.0009982085223581084,14.910638,0.0013278442431509116,0.1593,0.8775965,0.06400859,861.660027810745,27.185237633963084,132.8780966142,12.07112097508,1.0,0.88621235,0.001661201549534967,-3.2257032
604996106997219712,15.504081,0.0004062241027323292,14.857279,0.0016218124233854966,15.996219,0.003785535655972048,,0.43579185,0.040273905,884.091795801805,37.405447566627004,132.91559433846,12.09772631384,1.0,1.1389399,0.004118319528555702,-3.233056
604996897271215104,14.854834,0.00034526087300677495,14.306063,0.0010607075559087274,15.248637,0.001901524765633661,0.129,0.76003975,0.06138456,905.987647492952,32.125092413969014,132.84623438813,12.13162215124,1.0,0.9425745,0.002177360088152627,-3.320179
604997034710156672,15.61001,0.00044100943678280146,14.971778,0.001621546612220925,16.102072,0.0018081715450829008,0.191,0.3217596,0.039542764,804.789831781351,49.56054831492497,132.8870165542,12.13599269717,1.0,1.1302938,0.0024287646555507685,-3.3714085
604998237300962048,14.014762,0.0002032082343098852,13.533666,0.0010909237838291135,14.339543,0.0010720867433725032,0.1537,1.453393,0.10226393,866.092299257795,26.023376742650953,133.04138921607,12.17529314375,1.0,0.8058777,0.0015295374096239325,-2.9927206
604999852208716800,15.716453,0.0005120454304543413,15.0603895,0.0020061438472959354,16.224522,0.004666564828372435,0.024,0.2886851,0.02642116,801.276025425308,34.253406010489016,132.83487655334,12.13341687267,0.999,1.1641321,0.005079511830229947,-3.350957
605001329677769088,14.234879,0.0002600417596499851,13.73175,0.0018884772471389768,14.579929,0.0015632001487962566,0.171,1.1527125,0.07237744,852.692827108357,22.11892311955694,132.80217464901,12.18814056287,1.0,0.8481798,0.0024515181047991973,-3.054204
605001707634588544,15.2181635,0.0003433244941120156,14.632647,0.0016747232340989697,15.655352,0.0022021394986614924,0.137,0.5211715,0.046040833,865.379421309843,34.80364327247696,132.77965394513,12.22199897376,1.0,1.0227051,0.002766607359636709,-3.3830194
605002016872204416,15.341208,0.0003643679100606008,14.717907,0.0017584371721356725,15.814656,0.0017243306312763904,0.1995,0.44959632,0.03836447,844.025566343857,32.713400576456024,132.9153743203,12.20301742714,1.0,1.0967493,0.002462806816278235,-3.2283983
605005418486272896,14.056765,0.0002406529869769738,13.566933,0.0007088687403955186,14.38836,0.0010538694787780873,0.262,1.4330199,0.104970336,876.505411433349,27.659043035755076,133.0341040239,12.26289667741,1.0,0.82142735,0.0012700928192104412,-2.9764118
605007720588726272,14.657036,0.00026736128482657306,14.124679,0.0009856361680629152,15.033631,0.0015675233584722,0.068,0.74064976,0.049846232,820.486848298572,23.665237669089038,133.0721522301,12.33404519716,0.999,0.9089527,0.0018516501114275645,-3.2484627
605011019123613568,14.637914,0.00026293471994071413,14.108133,0.0010678631393976643,15.009955,0.0017609148535357366,0.106,0.825528,0.077370286,857.025280355084,37.931167325308024,133.02895207985,12.37091209791,0.999,0.9018221,0.002059405935187869,-3.2560806
605012148700169600,15.555446,0.00038171958432047713,14.918251,0.0015396010231198702,16.047245,0.0020744809568415813,0.3427,0.48105857,0.05880162,954.377375086437,56.71486456787295,133.00657538072,12.41464398548,0.994,1.128994,0.002583378127702198,-3.3217182
605018677049607552,14.161128,0.00019522601786815013,13.684553,0.0007473732007722719,14.4818,0.0012616201628400938,0.086,1.1819044,0.07784128,837.705590747681,23.319056228568,132.56754945487,12.32618436133,0.998,0.79724693,0.0014663738051797215,-3.1714516
605019162381687680,14.956031,0.00033355836982596897,14.398656,0.0013046706816694847,15.361886,0.0013383079509687113,0.067,0.6078452,0.046334982,847.962510865757,28.4628706304419,132.63998461,12.37690919807,1.0,0.96323013,0.0018690194646482387,-3.3439178
605020433691976832,14.460066,0.00022318758340373297,13.957814,0.0010224538086126625,14.806021,0.001443761469041828,0.188,1.0453472,0.076105595,900.017467341383,27.92982376460293,132.75057221431,12.41483465685,1.0,0.8482065,0.001769140743478697,-3.2792912
605022186038605568,14.218342,0.00021040798450779307,13.720292,0.001148567960642725,14.559427,0.001066696776501868,0.189,1.2704931,0.10554683,887.9027101391,32.83087479891094,132.90010231326,12.39641999647,0.999,0.83913517,0.0015674981254261405,-3.0715847
605025381494256640,14.370908,0.0002361999980939494,13.80155,0.0014306806057451436,14.785449,0.0011749979757824766,0.445,1.1438878,0.10914862,886.261838680552,38.98291991381598,132.93465903085,12.48668530087,0.999,0.9838991,0.001851342010204546,-2.6812859
605027266985143808,14.507977,0.00023033664421704078,13.992305,0.0008863400775803905,14.8691635,0.0015483206267292255,0.1997,0.97826463,0.07160193,885.560266815276,27.823155279633966,132.75607372707,12.47924840435,0.998,0.8768587,0.0017840671221342527,-3.2197561
605036720207538048,14.034981,0.00018817569404555666,13.551059,0.0006026614578436352,14.361276,0.000883855829330645,0.248,1.4287497,0.10831058,866.280143042679,28.688407941963987,133.51906869859,12.22202237124,0.998,0.8102169,0.0010697672456249432,-2.9966679
605036784631420160,15.192573,0.0003433001382429111,14.567014,0.001367437857141049,15.662301,0.0023047806085840948,0.4417,0.5948346,0.059521675,897.068081252673,41.707442824403074,133.48011197258,12.20954924876,0.998,1.0952873,0.0026799067048775735,-3.0852451
605038644352883456,14.51163,0.0002317765742035231,13.995666,0.0012527750333509477,14.871327,0.0014598032773323374,0.2105,1.0625439,0.104632735,922.783092569467,41.792643881478966,133.54408490746,12.27711839159,0.994,0.87566185,0.0019236608050011575,-3.2278976
605048333799048320,15.403772,0.00039557009867701413,14.79489,0.0013237496356009397,15.864688,0.001811553010580094,0.15,0.43108344,0.03914708,861.913111414036,35.90277587634591,133.39353720527,12.20523754521,1.0,1.0697975,0.002243666064256315,-3.3920317
605064895192901120,14.637406,0.00021091077523367153,14.108039,0.0010679316868493483,15.01123,0.001011608208499629,0.118,0.831866,0.066747606,861.343255656718,30.730096939085,133.51308189542,12.56456388814,0.925,0.90319157,0.0014709960079078133,-3.2504377
605107810506158848,15.178476,0.0003245181363451254,14.599686,0.0014807591615771036,15.60479,0.002172364944789077,0.0883,0.50029165,0.042438895,848.609840599697,32.603904300370004,133.22156468931,12.53379637135,0.968,1.0051041,0.0026290335007266405,-3.409336
605123993942814976,13.897795,0.00018583690709172426,13.372441,0.0007352423408594505,14.270779,0.0012114007499633393,0.4613,1.5933393,0.1071167,847.825803158048,24.154760807157004,132.91743068512,12.61917416143,0.965,0.89833736,0.0014170649515121828,-2.5290298
605189827201780608,15.510809,0.0005178448538243637,14.888461,0.0018783572723333995,15.986145,0.004580137593629751,0.037,0.3831018,0.037311673,843.373359703196,38.44995312849005,134.8650723849,12.27490599912,0.967,1.0976839,0.004950342050718141,-3.394494
607989355604856192,14.606852,0.001427888297181147,14.023132,0.00435691597242707,15.030426,0.005148975948184829,0.3645,0.8724235,0.060880482,862.356308390004,25.66163371073901,132.23286584419,12.1619094894,0.998,1.0072937,0.006744973692000287,-2.8295002
607992478045339136,15.487358,0.00039062417797471706,14.84889,0.0012052532830176034,15.982093,0.002655115924517227,0.294,0.41710788,0.037726223,866.207797264299,35.863723983960995,132.08747510421,12.23583196105,0.993,1.1332026,0.00291586626045326,-3.2378483
607997632006122112,15.827928,0.0005049346300381915,15.16163,0.0016616727257490762,16.359602,0.002866238837338557,0.1912,0.30429456,0.0324111,858.629320232149,43.44700021531901,132.52233005063,12.32482748282,1.0,1.1979723,0.003313077318772722,-3.3355312
607997911179702656,14.980014,0.0002803561403131207,14.411568,0.001198925860238142,15.393431,0.0018426614777472068,0.118,0.6073414,0.051467776,855.777989471931,32.769261927819,132.49333443444,12.34010183193,0.988,0.981863,0.0021983686087463333,-3.298027
607998907612059264,15.285105,0.00036481256103124685,14.690972,0.001495764361997522,15.7293005,0.0021090450058430348,0.115,0.5111721,0.047452033,879.694048161221,37.471601885142036,132.43353888541,12.36795266762,0.997,1.0383282,0.002585610539755224,-3.3913746
608002408009810176,14.124716,0.00023023502775900096,13.638537,0.0009130132792825961,14.455574,0.0010857340956620346,0.251,1.3849055,0.09019065,889.533593875672,23.868449655284053,132.41577940681,12.43514790166,0.996,0.8170366,0.0014185950002130333,-3.0608282
608021516319899648,14.939761,0.00029764703255277515,14.393856,0.0021149741943782283,15.330288,0.0026926772236641893,0.0257,0.65668833,0.05341351,876.861340618475,31.673534063918055,132.51625366582,12.38265161522,1.0,0.9364319,0.003423978164902008,-3.4281416
608024333818424448,14.062884,0.00020728056698600617,13.574839,0.0012344695122203217,14.394543,0.0011334049004783366,0.279,1.3976978,0.0937444,869.420401402902,24.47882376388293,132.68854812733,12.49834054395,0.999,0.81970406,0.001675864447092839,-2.9889946
608027151316994048,14.4576025,0.00023713042561456657,13.950119,0.000912236699936883,14.809588,0.0013150197232476722,0.1325,0.9902028,0.08050406,873.912494403398,32.408281610390986,132.40284039245,12.51483524892,0.995,0.8594694,0.0016004538947567714,-3.2345924
608068623521152384,14.495319,0.00022278843625987604,13.98169,0.0013558116089821182,14.850911,0.0014629912658530963,0.094,0.9234755,0.062214494,860.26584611086,24.456429042948002,132.07187550457,12.63717270797,0.919,0.86922073,0.001994634944798954,-3.2357416
